Query_ID,Document_ID
126,en.3.326.80.2009.9.5
126,en.15.147.229.2009.10.6
126,en.13.8.362.2009.7.16
126,en.15.121.129.2009.4.28
126,en.3.322.338.2009.8.7
126,en.2.268.365.2009.6.18
126,en.2.260.436.2009.5.1
126,en.15.151.83.2009.10.31
126,en.15.151.464.2009.11.4
126,en.15.151.254.2009.11.4
126,en.15.147.222.2009.10.4
126,en.13.25.179.2009.11.8
126,en.2.298.336.2010.1.26
126,en.2.279.2.2009.8.31
126,en.15.125.170.2009.5.21
126,en.15.220.33.2007.11.10
126,en.2.268.455.2009.6.18
126,en.15.136.355.2009.7.24
126,en.3.333.144.2009.10.25
126,en.15.124.268.2009.5.15
126,en.3.350.209.2010.2.18
126,en.3.326.176.2009.9.4
126,en.15.139.92.2009.8.10
126,en.3.329.19.2009.9.22
126,en.3.366.412.2010.5.26
126,en.3.329.447.2009.9.22
126,en.3.331.91.2009.10.11
126,en.15.237.374.2008.1.28
126,en.15.147.224.2009.10.5
126,en.15.62.289.2008.4.18
126,en.3.326.381.2009.9.2
126,en.15.61.311.2008.4.15
126,en.3.322.206.2009.8.7
126,en.3.414.4.2007.12.29
126,en.3.331.451.2009.10.12
126,en.15.190.281.2007.6.13
126,en.13.8.152.2009.7.16
126,en.15.121.269.2009.4.27
126,en.2.280.184.2009.9.8
126,en.13.3.65.2009.6.12
126,en.13.27.301.2009.11.20
126,en.2.278.93.2009.8.26
126,en.13.10.19.2009.7.30
126,en.15.236.362.2008.1.23
126,en.13.1.53.2009.5.31
126,en.2.264.385.2009.5.28
126,en.2.281.34.2009.9.11
126,en.3.384.418.2007.8.6
126,en.15.190.464.2007.6.14
126,en.3.331.441.2009.10.13
127,en.15.103.297.2009.1.4
127,en.3.381.157.2007.7.24
127,en.15.136.240.2009.7.21
127,en.15.86.478.2008.9.24
127,en.15.132.109.2009.7.1
127,en.15.249.261.2008.3.10
127,en.2.289.371.2009.11.17
127,en.15.135.383.2009.7.22
127,en.15.156.46.2009.12.11
127,en.3.348.163.2010.2.6
127,en.15.81.218.2008.8.22
127,en.15.90.350.2008.10.19
127,en.3.375.193.2007.6.18
127,en.3.348.180.2010.2.7
127,en.15.124.375.2009.5.15
127,en.15.167.10.2010.2.23
127,en.15.87.388.2008.9.29
127,en.3.361.410.2010.4.27
127,en.15.167.44.2010.2.23
127,en.15.205.431.2007.8.28
127,en.3.347.285.2010.2.2
127,en.15.206.354.2007.8.31
127,en.15.155.108.2009.12.10
127,en.15.156.424.2009.12.10
127,en.15.78.254.2008.8.1
127,en.15.98.105.2008.11.27
127,en.15.203.466.2007.8.19
127,en.3.348.146.2010.2.6
127,en.15.232.156.2008.1.3
127,en.3.350.336.2010.2.19
127,en.3.347.165.2010.1.31
127,en.15.85.24.2008.9.19
127,en.15.229.78.2007.12.19
127,en.3.348.486.2010.2.7
127,en.2.258.327.2009.4.21
127,en.3.347.486.2010.2.4
127,en.15.98.499.2008.11.26
127,en.2.262.243.2009.5.11
127,en.2.275.144.2009.8.4
127,en.3.348.125.2010.2.6
127,en.15.75.49.2008.7.12
127,en.3.322.495.2009.8.7
127,en.15.187.447.2007.6.1
127,en.15.125.486.2009.5.19
127,en.15.60.347.2008.4.10
127,en.15.80.275.2008.8.18
127,en.15.137.68.2009.7.30
127,en.15.112.341.2009.3.11
127,en.15.92.214.2008.10.29
127,en.2.264.273.2009.5.28
128,en.15.206.323.2007.8.31
128,en.15.86.41.2008.9.26
128,en.15.225.130.2007.12.6
128,en.3.410.281.2007.12.6
128,en.15.202.161.2007.8.15
128,en.15.64.298.2008.4.28
128,en.15.140.216.2009.8.22
128,en.13.41.376.2010.3.1
128,en.15.229.13.2007.12.24
128,en.13.59.270.2010.6.11
128,en.13.31.487.2010.1.2
128,en.15.254.371.2008.3.27
128,en.15.107.10.2009.1.29
128,en.13.55.72.2010.5.23
128,en.15.218.9.2007.11.1
128,en.3.349.179.1970.1.1
128,en.15.215.487.2007.10.22
128,en.2.268.69.2009.6.17
128,en.15.90.112.2008.10.17
128,en.3.373.157.2007.6.11
128,en.15.61.167.2008.4.14
128,en.13.30.67.2009.12.25
128,en.15.140.182.2009.8.22
128,en.3.331.231.2009.10.9
128,en.2.320.122.2010.6.12
128,en.15.117.252.2009.2.22
128,en.2.291.172.2009.12.2
128,en.3.356.250.2010.4.2
128,en.3.391.243.2007.9.14
128,en.15.85.74.2008.9.20
128,en.13.1.98.2009.6.1
128,en.2.317.267.2010.5.28
128,en.13.31.191.2009.12.29
128,en.15.77.246.2008.7.23
128,en.15.147.203.2009.10.5
128,en.13.41.179.2010.3.1
128,en.2.258.279.2009.4.22
128,en.15.115.3.2009.2.14
128,en.15.80.116.2008.8.18
128,en.15.254.465.2008.3.28
128,en.3.398.321.2007.10.18
128,en.3.333.443.2009.10.28
128,en.3.378.247.2007.7.7
128,en.15.162.181.2010.1.23
128,en.15.179.68.2010.5.4
128,en.15.162.38.2010.1.23
128,en.3.388.266.2007.8.31
128,en.3.327.497.2009.9.12
128,en.15.83.92.2008.9.5
128,en.2.270.361.2009.7.2
129,en.15.141.445.2009.8.29
129,en.2.298.269.1970.1.1
129,en.15.132.155.2009.7.1
129,en.15.132.44.2009.6.26
129,en.2.305.365.2010.3.16
129,en.15.139.473.2009.8.12
129,en.15.132.121.2009.6.30
129,en.15.137.476.2009.7.31
129,en.3.333.197.2009.10.27
129,en.13.8.466.2009.7.11
129,en.15.132.367.2009.6.28
129,en.3.331.99.2009.10.12
129,en.3.329.29.2009.9.25
129,en.2.271.199.2009.7.10
129,en.15.136.376.2009.7.25
129,en.2.289.319.2009.11.13
129,en.13.10.280.2009.7.29
129,en.15.140.5.2009.8.22
129,en.3.333.336.2009.10.23
129,en.2.277.462.2009.8.18
129,en.13.27.373.2009.11.21
129,en.13.8.68.2009.7.11
129,en.3.331.310.2009.10.13
129,en.2.270.162.2009.7.2
129,en.15.132.102.2009.6.28
129,en.15.132.364.2009.6.28
129,en.15.132.153.2009.6.28
129,en.13.8.280.2009.7.16
129,en.15.132.99.2009.6.30
129,en.2.275.146.2009.8.6
129,en.3.327.392.2009.9.12
129,en.2.275.340.2009.8.4
129,en.2.275.213.2009.8.4
129,en.3.329.53.2009.9.22
129,en.13.55.2.2010.5.24
129,en.2.271.457.2009.7.8
129,en.15.120.459.2009.4.24
129,en.15.132.117.2009.7.1
129,en.15.132.108.2009.6.28
129,en.13.8.358.2009.7.14
129,en.2.277.79.2009.8.19
129,en.13.8.79.2009.7.14
129,en.2.277.373.2009.8.19
129,en.3.326.443.2009.9.4
129,en.3.353.412.2010.3.13
129,en.2.282.345.2009.9.19
129,en.2.283.328.2009.9.29
129,en.2.283.356.2009.9.29
129,en.2.271.202.2009.7.8
129,en.3.343.140.2010.1.9
130,en.3.378.475.2007.7.9
130,en.15.68.138.2008.5.25
130,en.15.69.149.2008.5.31
130,en.15.251.174.2008.3.16
130,en.15.203.470.2007.8.21
130,en.15.194.76.2007.7.3
130,en.3.407.366.2007.11.27
130,en.15.238.333.2008.1.30
130,en.15.79.493.2008.8.14
130,en.3.392.311.2007.9.19
130,en.15.93.191.2008.10.30
130,en.15.64.283.2008.4.27
130,en.15.72.98.2008.6.19
130,en.3.416.305.2008.1.7
130,en.15.242.12.2008.2.13
130,en.3.343.308.2010.1.12
130,en.15.190.368.2007.6.13
130,en.15.220.155.2007.11.11
130,en.15.98.384.2008.11.30
130,en.3.380.497.2007.7.20
130,en.15.204.296.2007.8.26
130,en.13.41.322.2010.2.28
130,en.2.289.270.2009.11.16
130,en.15.184.63.2010.5.31
130,en.15.156.140.2009.12.15
130,en.15.63.402.2008.4.24
130,en.3.389.45.2007.9.1
130,en.3.417.161.2008.1.11
130,en.3.347.36.2010.1.31
130,en.15.205.460.2007.8.28
130,en.3.329.455.2009.9.20
130,en.3.417.454.2008.1.11
130,en.15.93.415.2008.10.31
130,en.15.232.155.2008.1.7
130,en.15.74.58.2008.6.30
130,en.2.277.265.2009.8.16
130,en.15.74.303.2008.6.30
130,en.13.57.241.2010.5.29
130,en.15.236.383.2008.1.22
130,en.15.179.88.2010.5.5
130,en.15.85.451.2008.9.17
130,en.3.356.369.2010.3.29
130,en.15.202.16.2007.8.14
130,en.15.252.148.2008.3.22
130,en.13.31.317.2009.12.30
130,en.15.105.47.2009.1.12
130,en.15.69.454.2008.6.5
130,en.15.80.245.2008.8.19
130,en.15.66.449.2008.5.13
130,en.15.231.464.2008.1.2
131,en.13.59.310.2010.6.8
131,en.15.218.130.2007.11.2
131,en.15.231.240.2008.1.2
131,en.15.77.330.2008.7.28
131,en.15.110.465.2009.3.23
131,en.3.354.137.2010.3.20
131,en.15.65.227.2008.5.4
131,en.15.68.363.2008.5.26
131,en.15.106.232.2009.1.24
131,en.15.220.434.2007.11.11
131,en.15.256.334.2008.4.8
131,en.3.360.308.2010.4.21
131,en.3.401.415.2007.10.30
131,en.15.188.146.2007.6.6
131,en.3.355.457.2010.3.24
131,en.2.311.459.2010.4.26
131,en.13.59.490.2010.6.10
131,en.15.219.443.2007.11.4
131,en.3.352.86.2010.3.7
131,en.2.291.52.2009.12.3
131,en.3.372.403.2007.6.8
131,en.3.358.249.2010.4.11
131,en.3.372.210.2007.6.8
131,en.15.187.403.2007.5.30
131,en.15.187.389.2007.6.1
131,en.3.356.120.2010.3.30
131,en.2.291.73.2009.11.30
131,en.15.69.346.2008.6.3
131,en.2.270.143.2009.7.5
131,en.15.227.240.2007.12.11
131,en.15.218.468.2007.10.31
131,en.3.376.293.2007.6.25
131,en.13.59.51.2010.6.10
131,en.15.147.11.2009.10.2
131,en.3.350.396.2010.2.19
131,en.15.220.344.2007.11.9
131,en.15.87.172.2008.10.4
131,en.15.172.385.2010.3.29
131,en.15.154.242.2009.11.27
131,en.15.79.12.2008.8.7
131,en.15.225.473.2007.12.5
131,en.15.155.214.2009.12.8
131,en.13.31.292.2009.12.31
131,en.3.361.436.2010.4.29
131,en.3.398.494.2007.10.17
131,en.2.291.2.2009.11.27
131,en.15.234.174.2008.1.15
131,en.15.248.59.2008.3.7
131,en.3.348.239.2010.2.9
131,en.15.116.364.2009.2.20
132,en.15.94.56.2008.11.5
132,en.15.94.118.2008.11.5
132,en.15.94.334.2008.11.6
132,en.15.96.379.2008.11.20
132,en.15.247.124.2008.3.5
132,en.13.25.470.2009.11.8
132,en.15.94.353.2008.11.5
132,en.2.317.70.2010.5.27
132,en.15.147.317.2009.10.3
132,en.2.270.171.2009.7.6
132,en.15.94.352.2008.11.5
132,en.13.3.187.2009.6.14
132,en.3.417.297.2008.1.9
132,en.15.77.234.2008.7.30
132,en.2.291.383.2009.12.2
132,en.15.90.424.2008.10.17
132,en.3.349.333.2010.2.12
132,en.15.83.225.2008.9.10
132,en.15.128.477.2009.6.4
132,en.15.156.256.2009.12.17
132,en.15.72.352.2008.6.22
132,en.15.247.461.2008.3.5
132,en.3.347.29.2010.2.3
132,en.15.93.240.2008.11.3
132,en.15.93.133.2008.11.3
132,en.15.70.83.2008.6.7
132,en.15.94.294.2008.11.8
132,en.15.98.39.2008.12.1
132,en.3.360.261.2010.4.26
132,en.15.140.314.2009.8.21
132,en.2.291.145.2009.12.4
132,en.2.291.452.2009.12.2
132,en.15.94.135.2008.11.5
132,en.15.242.276.2008.2.13
132,en.15.184.330.2010.5.30
132,en.15.94.391.2008.11.10
132,en.15.94.141.2008.11.5
132,en.15.252.362.2008.3.19
132,en.15.110.101.2009.3.27
132,en.15.107.453.2009.1.27
132,en.15.172.27.2010.3.26
132,en.15.247.34.2008.3.5
132,en.2.258.45.2009.4.17
132,en.15.247.376.2008.3.4
132,en.15.94.206.2008.11.6
132,en.15.247.201.2008.3.4
132,en.15.99.37.2008.12.9
132,en.15.94.3.2008.11.6
132,en.15.94.238.2008.11.6
132,en.3.331.200.2009.10.9
133,en.3.373.433.2007.6.9
133,en.15.82.100.2008.9.3
133,en.3.327.81.2009.9.11
133,en.15.203.83.2007.8.19
133,en.15.203.148.2007.8.21
133,en.3.327.275.2009.9.12
133,en.3.388.78.2007.8.29
133,en.15.111.124.2009.3.23
133,en.3.388.171.2007.8.29
133,en.2.264.403.2009.5.28
133,en.3.400.276.2007.10.27
133,en.15.210.340.2007.9.30
133,en.3.343.53.2010.1.13
133,en.15.106.500.2009.1.22
133,en.15.100.303.2008.12.12
133,en.15.89.25.2008.10.15
133,en.15.81.470.2008.8.25
133,en.15.81.332.2008.8.25
133,en.2.281.127.2009.9.15
133,en.2.282.8.2009.9.17
133,en.15.243.14.2008.2.17
133,en.2.264.223.2009.5.29
133,en.3.406.246.2007.11.21
133,en.3.397.320.2007.10.11
133,en.15.210.237.2007.9.27
133,en.15.243.484.2008.2.17
133,en.15.210.491.2007.9.27
133,en.15.242.35.2008.2.15
133,en.15.203.466.2007.8.19
133,en.15.112.255.2009.3.10
133,en.15.99.90.2008.12.5
133,en.15.97.414.2008.11.23
133,en.3.390.255.2007.9.8
133,en.3.360.23.2010.4.25
133,en.15.201.280.2007.8.8
133,en.2.289.33.2009.11.15
133,en.15.96.472.2008.11.20
133,en.3.392.437.2007.9.19
133,en.15.220.42.2007.11.8
133,en.3.407.300.2007.11.28
133,en.15.242.177.2008.2.13
133,en.15.242.48.2008.2.16
133,en.15.101.16.2008.12.19
133,en.15.234.6.2008.1.14
133,en.3.410.311.2007.12.9
133,en.2.258.361.2009.4.22
133,en.2.261.459.2009.5.5
133,en.15.251.30.2008.3.18
133,en.15.89.52.2008.10.15
133,en.3.403.352.2007.11.6
134,en.15.80.224.2008.8.17
134,en.15.254.257.2008.3.28
134,en.3.414.446.2007.12.27
134,en.15.238.387.2008.1.31
134,en.15.84.472.2008.9.14
134,en.2.270.62.2009.7.4
134,en.15.212.33.2007.10.5
134,en.2.271.310.2009.7.7
134,en.3.356.485.2010.4.1
134,en.15.239.78.2008.2.1
134,en.2.260.352.2009.5.4
134,en.15.243.46.2008.2.18
134,en.3.354.437.2010.3.19
134,en.15.220.22.2007.11.10
134,en.2.296.421.2010.1.18
134,en.15.105.19.2009.1.14
134,en.15.67.49.2008.5.15
134,en.15.95.183.2008.11.10
134,en.3.353.489.2010.3.15
134,en.3.405.392.2007.11.13
134,en.15.244.190.2008.2.22
134,en.3.352.167.2010.3.7
134,en.15.105.344.2009.1.14
134,en.2.258.186.2009.4.21
134,en.15.64.286.2008.4.26
134,en.2.263.219.2009.5.27
134,en.15.101.429.2008.12.18
134,en.3.333.321.2009.10.29
134,en.15.64.479.2008.4.30
134,en.15.93.371.2008.10.31
134,en.15.93.495.2008.10.31
134,en.3.354.410.2010.3.17
134,en.15.117.85.2009.2.24
134,en.3.405.356.2007.11.14
134,en.2.268.428.2009.6.23
134,en.2.263.48.2009.5.23
134,en.15.240.216.2008.2.8
134,en.15.125.413.2009.5.22
134,en.2.305.197.2010.3.16
134,en.15.221.63.2007.11.13
134,en.15.98.211.2008.11.27
134,en.3.338.261.2009.12.6
134,en.15.239.208.2008.2.4
134,en.2.278.406.2009.8.26
134,en.3.372.157.2007.6.8
134,en.15.86.471.2008.9.26
134,en.15.251.430.2008.3.16
134,en.15.251.69.2008.3.17
134,en.15.102.345.2008.12.28
134,en.15.93.348.2008.11.1
135,en.3.349.14.2010.2.16
135,en.13.55.6.2010.5.20
135,en.13.3.11.2009.6.10
135,en.13.3.33.2009.6.11
135,en.15.73.56.2008.6.27
135,en.15.81.143.2008.8.27
135,en.15.76.223.2008.7.17
135,en.3.357.208.2010.4.8
135,en.15.107.247.2009.1.29
135,en.13.59.108.2010.6.10
135,en.2.270.44.2009.7.2
135,en.13.59.322.2010.6.10
135,en.3.395.62.2007.10.2
135,en.2.263.252.2009.5.23
135,en.15.121.111.2009.4.27
135,en.15.231.183.2008.1.2
135,en.15.246.137.2008.3.2
135,en.3.398.309.2007.10.19
135,en.15.167.355.2010.2.24
135,en.15.167.68.2010.2.25
135,en.15.105.139.2009.1.20
135,en.15.188.491.2007.6.5
135,en.15.71.210.2008.6.14
135,en.15.86.180.2008.9.27
135,en.2.258.279.2009.4.22
135,en.15.70.480.2008.6.9
135,en.15.82.193.2008.9.2
135,en.13.8.374.2009.7.10
135,en.13.5.158.2009.6.23
135,en.13.3.154.2009.6.13
135,en.3.357.412.2010.4.6
135,en.13.41.213.2010.3.4
135,en.15.251.270.2008.3.18
135,en.3.391.444.2007.9.16
135,en.15.172.475.2010.3.26
135,en.15.125.211.2009.5.20
135,en.2.296.238.2010.1.19
135,en.13.3.94.2009.6.10
135,en.15.67.174.2008.5.17
135,en.15.76.405.2008.7.15
135,en.13.3.15.2009.6.10
135,en.2.277.184.2009.8.20
135,en.15.98.471.2008.11.30
135,en.13.3.455.2009.6.13
135,en.3.350.234.2010.2.18
135,en.15.136.163.2009.7.25
135,en.15.238.200.2008.1.30
135,en.15.204.481.2007.8.23
135,en.15.76.122.2008.7.15
135,en.15.218.216.2007.11.2
136,en.15.100.277.2008.12.12
136,en.15.210.278.2007.9.28
136,en.15.188.366.2007.6.7
136,en.15.123.444.2009.5.7
136,en.13.27.34.2009.11.22
136,en.2.275.238.2009.8.4
136,en.3.373.409.2007.6.11
136,en.3.401.452.2007.10.30
136,en.3.354.497.2010.3.19
136,en.15.103.119.2009.1.2
136,en.15.204.493.2007.8.23
136,en.15.219.202.2007.11.4
136,en.15.97.103.2008.11.21
136,en.15.88.185.2008.10.5
136,en.3.353.242.2010.3.13
136,en.3.403.111.2007.11.5
136,en.15.105.414.2009.1.20
136,en.3.347.407.2010.2.4
136,en.3.329.307.2009.9.20
136,en.3.357.206.2010.4.7
136,en.15.89.477.2008.10.15
136,en.15.97.115.2008.11.26
136,en.2.291.359.2009.12.3
136,en.15.212.472.2007.10.5
136,en.15.104.436.2009.1.10
136,en.15.212.86.2007.10.5
136,en.2.258.61.2009.4.21
136,en.15.231.493.2007.12.31
136,en.3.383.150.2007.8.6
136,en.15.103.94.2009.1.5
136,en.15.119.329.2009.4.14
136,en.15.212.98.2007.10.6
136,en.15.95.36.2008.11.11
136,en.3.379.129.2007.7.10
136,en.2.271.457.2009.7.8
136,en.13.5.334.2009.6.24
136,en.15.244.246.2008.2.20
136,en.15.89.211.2008.10.10
136,en.13.31.71.2010.1.2
136,en.15.147.99.2009.10.6
136,en.2.283.225.2009.9.30
136,en.3.373.457.2007.6.12
136,en.2.296.315.2010.1.17
136,en.15.101.290.2008.12.21
136,en.3.403.55.2007.11.7
136,en.3.378.175.2007.7.8
136,en.15.229.121.2007.12.24
136,en.15.97.64.2008.11.25
136,en.3.353.251.2010.3.14
136,en.15.246.391.2008.2.29
137,en.15.125.486.2009.5.19
137,en.15.121.11.2009.4.26
137,en.3.322.136.2009.8.7
137,en.15.125.410.2009.5.18
137,en.15.62.429.2008.4.20
137,en.15.109.69.2009.2.9
137,en.15.227.37.2007.12.11
137,en.15.63.96.2008.4.23
137,en.15.103.150.2009.1.1
137,en.2.264.9.2009.5.29
137,en.15.125.278.2009.5.19
137,en.3.414.93.2007.12.30
137,en.15.113.48.2009.3.15
137,en.15.227.197.2007.12.10
137,en.3.322.329.2009.8.7
137,en.15.231.446.2007.12.31
137,en.3.322.120.2009.8.7
137,en.15.106.338.2009.1.22
137,en.3.384.162.2007.8.7
137,en.3.380.409.2007.7.20
137,en.3.397.200.2007.10.13
137,en.15.105.44.2009.1.21
137,en.15.231.431.2008.1.1
137,en.15.210.471.2007.9.30
137,en.15.113.348.2009.3.13
137,en.15.125.313.2009.5.18
137,en.13.1.417.2009.6.2
137,en.13.3.333.2009.6.11
137,en.13.1.370.2009.6.2
137,en.15.125.382.2009.5.18
137,en.2.263.424.2009.5.25
137,en.15.103.201.2009.1.2
137,en.15.80.372.2008.8.19
137,en.15.112.371.2009.3.12
137,en.15.232.93.2008.1.7
137,en.3.405.67.2007.11.17
137,en.15.102.434.2008.12.28
137,en.2.262.450.2009.5.14
137,en.15.125.347.2009.5.19
137,en.3.395.440.2007.10.4
137,en.15.100.419.2008.12.11
137,en.2.268.45.2009.6.17
137,en.3.407.407.2007.11.23
137,en.15.107.193.2009.1.29
137,en.15.109.358.2009.2.10
137,en.15.102.178.2008.12.22
137,en.15.85.243.2008.9.18
137,en.2.258.493.2009.4.21
137,en.2.262.412.2009.5.13
137,en.15.227.175.2007.12.13
138,en.15.113.375.2009.3.7
138,en.15.139.73.2009.8.12
138,en.15.240.130.2008.2.8
138,en.3.381.479.2007.7.20
138,en.15.234.168.2008.1.14
138,en.15.227.461.2007.12.13
138,en.15.227.177.2007.12.12
138,en.15.114.53.2009.3.5
138,en.15.235.414.2008.1.19
138,en.3.400.10.2007.10.27
138,en.15.111.354.2009.3.21
138,en.15.245.246.2008.2.26
138,en.2.268.248.2009.6.20
138,en.15.235.197.2008.1.16
138,en.15.147.144.2009.10.5
138,en.15.68.402.2008.5.24
138,en.3.417.401.2008.1.11
138,en.3.410.497.2007.12.9
138,en.13.5.100.2009.6.24
138,en.15.228.387.2007.12.15
138,en.3.381.330.2007.7.21
138,en.15.60.159.2008.4.11
138,en.15.116.456.2009.2.16
138,en.3.410.130.2007.12.8
138,en.15.68.52.2008.5.25
138,en.2.266.240.2009.6.9
138,en.15.64.353.2008.4.26
138,en.15.117.433.2009.2.24
138,en.13.8.167.2009.7.12
138,en.3.400.50.2007.10.26
138,en.15.231.156.2007.12.31
138,en.15.108.22.2009.2.3
138,en.15.108.125.2009.2.4
138,en.2.291.297.2009.12.1
138,en.15.234.65.2008.1.14
138,en.13.59.120.2010.6.12
138,en.15.114.471.2009.3.4
138,en.15.92.426.2008.10.28
138,en.3.417.396.2008.1.10
138,en.15.97.435.2008.11.21
138,en.15.77.293.2008.7.24
138,en.15.103.123.2008.12.29
138,en.3.380.226.2007.7.18
138,en.2.257.97.2009.4.9
138,en.15.116.471.2009.2.19
138,en.15.86.180.2008.9.27
138,en.3.417.410.2008.1.12
138,en.13.5.187.2009.6.23
138,en.3.414.138.2007.12.29
138,en.15.251.287.2008.3.17
139,en.2.289.388.2009.11.18
139,en.15.123.145.2009.5.6
139,en.15.63.337.2008.4.22
139,en.15.160.247.2010.1.14
139,en.2.275.454.2009.8.3
139,en.15.99.252.2008.12.3
139,en.3.401.84.2007.10.29
139,en.2.260.303.2009.5.3
139,en.15.123.345.2009.5.7
139,en.3.376.8.2007.6.25
139,en.15.96.12.2008.11.18
139,en.15.80.256.2008.8.15
139,en.15.98.426.2008.12.1
139,en.15.100.152.2008.12.13
139,en.2.260.53.2009.5.4
139,en.3.347.407.2010.2.4
139,en.15.64.405.2008.4.27
139,en.15.119.263.2009.4.13
139,en.2.296.318.2010.1.18
139,en.15.91.428.2008.10.21
139,en.13.54.248.2010.5.14
139,en.15.204.493.2007.8.23
139,en.3.347.198.2010.2.2
139,en.15.103.119.2009.1.2
139,en.15.186.279.2007.5.29
139,en.2.258.437.2009.4.19
139,en.15.121.221.2009.4.29
139,en.15.121.106.2009.4.26
139,en.15.139.344.2009.8.10
139,en.2.309.498.2010.4.10
139,en.15.104.436.2009.1.10
139,en.15.97.129.2008.11.21
139,en.15.119.206.2009.4.16
139,en.15.96.458.2008.11.19
139,en.2.258.61.2009.4.21
139,en.15.101.11.2008.12.16
139,en.15.87.444.2008.10.1
139,en.2.298.321.2010.1.28
139,en.13.31.149.2009.12.29
139,en.15.100.361.2008.12.14
139,en.2.289.271.2009.11.15
139,en.13.3.421.2009.6.11
139,en.3.357.494.2010.4.6
139,en.15.108.470.2009.2.5
139,en.2.266.223.2009.6.8
139,en.3.403.111.2007.11.5
139,en.15.100.62.2008.12.14
139,en.15.188.142.2007.6.4
139,en.15.97.115.2008.11.26
139,en.15.88.289.2008.10.8
140,en.3.348.411.2010.2.7
140,en.3.406.268.2007.11.23
140,en.15.187.496.2007.6.2
140,en.15.108.378.2009.2.5
140,en.15.186.159.2007.5.28
140,en.15.227.327.2007.12.12
140,en.15.78.283.2008.8.5
140,en.3.329.110.2009.9.24
140,en.3.329.1.1970.1.1
140,en.2.289.31.2009.11.14
140,en.15.240.66.2008.2.5
140,en.15.85.191.2008.9.19
140,en.3.397.17.2007.10.14
140,en.15.256.101.2008.4.8
140,en.3.356.107.2010.3.29
140,en.15.254.438.2008.3.27
140,en.15.68.126.2008.5.26
140,en.15.68.248.2008.5.26
140,en.3.360.234.2010.4.21
140,en.3.348.12.2010.2.6
140,en.15.201.11.2007.8.12
140,en.3.383.371.2007.8.5
140,en.3.389.334.2007.9.3
140,en.15.95.343.2008.11.14
140,en.15.91.421.2008.10.21
140,en.3.356.417.2010.3.29
140,en.15.96.165.2008.11.18
140,en.15.216.199.2007.10.23
140,en.15.77.499.2008.7.29
140,en.15.78.66.2008.8.6
140,en.3.380.185.2007.7.17
140,en.15.96.173.2008.11.19
140,en.15.101.122.2008.12.17
140,en.2.283.225.2009.9.30
140,en.15.244.281.2008.2.21
140,en.15.97.50.2008.11.21
140,en.15.95.293.2008.11.11
140,en.15.240.265.2008.2.7
140,en.15.68.25.2008.5.28
140,en.13.27.337.2009.11.22
140,en.15.68.307.2008.5.23
140,en.2.319.81.2010.6.4
140,en.15.95.441.2008.11.15
140,en.3.331.402.2009.10.11
140,en.3.331.272.2009.10.11
140,en.15.71.145.2008.6.17
140,en.15.65.146.2008.5.6
140,en.15.110.120.2009.3.24
140,en.15.72.127.2008.6.20
140,en.3.361.183.2010.4.29
141,en.15.71.297.2008.6.16
141,en.3.381.311.2007.7.24
141,en.15.236.227.2008.1.20
141,en.15.253.238.2008.3.23
141,en.15.107.93.2009.1.29
141,en.15.60.155.2008.4.10
141,en.13.27.10.2009.11.19
141,en.3.419.9.2008.1.18
141,en.15.71.491.2008.6.13
141,en.15.253.294.2008.3.25
141,en.15.74.410.2008.7.2
141,en.15.76.428.2008.7.17
141,en.15.235.70.2008.1.16
141,en.3.392.257.2007.9.21
141,en.15.235.50.2008.1.16
141,en.3.401.426.2007.10.29
141,en.15.235.83.2008.1.16
141,en.15.139.118.2009.8.10
141,en.15.77.413.2008.7.25
141,en.3.359.358.2010.4.18
141,en.15.86.327.2008.9.24
141,en.15.114.225.2009.3.2
141,en.15.108.272.2009.2.3
141,en.15.188.262.2007.6.7
141,en.15.188.64.2007.6.7
141,en.15.74.328.2008.7.6
141,en.15.65.33.2008.5.4
141,en.15.253.29.2008.3.26
141,en.2.264.383.2009.5.26
141,en.3.375.126.2007.6.19
141,en.15.187.448.2007.6.2
141,en.3.381.345.2007.7.25
141,en.15.75.383.2008.7.11
141,en.15.209.414.2007.9.25
141,en.3.403.318.2007.11.5
141,en.15.107.389.2009.2.1
141,en.3.333.285.1970.1.1
141,en.3.373.321.2007.6.11
141,en.3.377.262.2007.6.30
141,en.15.114.350.2009.3.4
141,en.15.74.23.2008.7.7
141,en.15.85.405.2008.9.19
141,en.15.90.306.2008.10.15
141,en.15.210.291.2007.9.26
141,en.2.260.235.2009.5.4
141,en.13.55.248.2010.5.21
141,en.15.125.421.2009.5.20
141,en.13.10.141.2009.7.28
141,en.15.204.422.2007.8.24
141,en.15.121.256.2009.4.25
142,en.13.31.457.2009.12.27
142,en.2.291.12.2009.11.30
142,en.3.329.157.2009.9.20
142,en.3.406.134.2007.11.20
142,en.13.27.223.2009.11.21
142,en.15.187.8.2007.5.30
142,en.13.27.380.2009.11.21
142,en.15.123.55.2009.5.9
142,en.15.128.107.2009.6.5
142,en.13.31.197.2009.12.28
142,en.15.65.325.2008.5.3
142,en.2.282.207.2009.9.16
142,en.13.8.153.2009.7.16
142,en.13.31.316.2010.1.2
142,en.15.248.461.2008.3.8
142,en.15.215.430.2007.10.20
142,en.3.339.152.2009.12.7
142,en.3.395.230.2007.10.2
142,en.2.319.306.2010.6.6
142,en.15.90.225.2008.10.17
142,en.15.78.1.2008.8.2
142,en.15.218.61.2007.11.1
142,en.15.136.348.2009.7.27
142,en.2.260.490.2009.5.3
142,en.15.66.483.2008.5.10
142,en.15.212.454.2007.10.8
142,en.15.188.235.2007.6.4
142,en.15.88.392.2008.10.9
142,en.3.407.331.2007.11.28
142,en.15.71.357.2008.6.15
142,en.15.67.226.2008.5.16
142,en.15.81.227.2008.8.22
142,en.15.232.267.2008.1.7
142,en.3.419.119.2008.1.18
142,en.15.156.79.2009.12.15
142,en.2.262.456.2009.5.13
142,en.15.188.477.2007.6.5
142,en.13.1.235.2009.6.2
142,en.15.203.380.2007.8.20
142,en.3.329.90.2009.9.23
142,en.13.30.454.2009.12.25
142,en.15.234.52.2008.1.14
142,en.15.96.262.2008.11.16
142,en.3.348.212.2010.2.10
142,en.15.132.493.2009.6.25
142,en.15.97.189.2008.11.24
142,en.2.282.442.2009.9.18
142,en.15.256.473.2008.4.8
142,en.2.260.84.2009.5.2
142,en.15.105.239.2009.1.20
143,en.13.5.369.2009.6.23
143,en.15.151.453.2009.11.2
143,en.15.135.12.2009.7.16
143,en.15.156.275.2009.12.17
143,en.15.88.461.2008.10.7
143,en.15.114.186.2009.3.4
143,en.3.357.428.2010.4.8
143,en.3.326.429.2009.9.1
143,en.15.128.137.2009.6.5
143,en.15.115.158.2009.2.27
143,en.15.86.384.2008.9.26
143,en.15.111.22.2009.3.20
143,en.15.119.126.2009.4.10
143,en.15.85.199.2008.9.18
143,en.15.85.465.2008.9.18
143,en.15.88.269.2008.10.5
143,en.15.84.464.2008.9.16
143,en.15.82.469.2008.9.3
143,en.15.86.181.2008.9.24
143,en.3.326.371.2009.9.6
143,en.2.291.33.2009.11.30
143,en.15.81.156.2008.8.27
143,en.15.88.93.2008.10.7
143,en.15.83.316.2008.9.10
143,en.15.77.500.2008.7.25
143,en.15.87.66.2008.10.4
143,en.13.26.221.2009.11.10
143,en.15.83.437.2008.9.10
143,en.15.82.43.2008.8.29
143,en.2.257.101.2009.4.9
143,en.15.167.119.2010.2.25
143,en.15.83.19.2008.9.8
143,en.15.83.137.2008.9.8
143,en.15.82.429.2008.9.2
143,en.15.247.72.2008.3.5
143,en.15.110.158.2009.3.24
143,en.3.417.395.2008.1.10
143,en.15.111.97.2009.3.23
143,en.15.68.78.2008.5.22
143,en.15.245.36.2008.2.27
143,en.15.111.417.2009.3.18
143,en.15.79.392.2008.8.7
143,en.15.110.271.2009.3.25
143,en.3.417.402.2008.1.10
143,en.15.81.100.2008.8.24
143,en.15.81.2.2008.8.24
143,en.15.82.152.2008.9.4
143,en.15.132.74.2009.6.28
143,en.15.244.369.2008.2.23
143,en.15.88.472.2008.10.6
144,en.2.319.331.2010.6.7
144,en.13.59.492.2010.6.8
144,en.15.186.459.2007.5.29
144,en.15.254.257.2008.3.28
144,en.2.291.3.2009.12.3
144,en.15.108.405.2009.2.3
144,en.3.380.390.2007.7.17
144,en.15.93.429.2008.11.4
144,en.13.59.461.2010.6.8
144,en.15.101.397.2008.12.18
144,en.15.254.299.2008.3.27
144,en.2.281.268.2009.9.9
144,en.3.355.428.2010.3.24
144,en.15.101.98.2008.12.16
144,en.15.74.291.2008.7.5
144,en.3.409.165.2007.12.6
144,en.15.98.250.2008.11.29
144,en.15.236.434.2008.1.23
144,en.2.319.421.2010.6.3
144,en.15.61.306.2008.4.16
144,en.15.201.457.2007.8.9
144,en.15.241.492.2008.2.11
144,en.15.74.82.2008.7.3
144,en.15.139.442.2009.8.12
144,en.2.309.66.2010.4.11
144,en.15.97.60.2008.11.24
144,en.15.97.454.2008.11.24
144,en.15.118.260.2009.4.5
144,en.15.155.334.2009.12.9
144,en.3.382.321.2007.7.28
144,en.15.102.21.2008.12.26
144,en.15.234.28.2008.1.15
144,en.15.239.15.2008.2.3
144,en.3.405.478.2007.11.18
144,en.13.30.118.2009.12.24
144,en.15.125.468.2009.5.21
144,en.3.395.496.2007.10.3
144,en.15.246.248.2008.2.29
144,en.3.393.465.2007.9.23
144,en.15.114.102.2009.3.4
144,en.15.74.153.2008.7.3
144,en.3.414.213.2007.12.27
144,en.2.319.306.2010.6.6
144,en.13.8.303.2009.7.11
144,en.3.381.307.2007.7.20
144,en.15.92.175.2008.10.26
144,en.15.202.259.2007.8.13
144,en.15.62.87.2008.4.20
144,en.15.156.336.2009.12.16
144,en.15.84.450.2008.9.11
145,en.3.395.90.2007.10.3
145,en.3.414.252.2007.12.27
145,en.15.231.400.2008.1.2
145,en.3.407.141.2007.11.25
145,en.3.395.14.2007.10.2
145,en.3.389.471.2007.9.1
145,en.3.388.438.2007.8.29
145,en.3.391.173.2007.9.14
145,en.3.414.489.2007.12.27
145,en.3.414.89.2007.12.28
145,en.3.414.81.2007.12.27
145,en.3.414.484.2007.12.27
145,en.15.212.172.2007.10.6
145,en.3.414.446.2007.12.27
145,en.3.414.410.2007.12.28
145,en.15.83.402.2008.9.9
145,en.3.414.166.2007.12.27
145,en.3.414.130.2007.12.28
145,en.15.219.410.2007.11.4
145,en.15.80.433.2008.8.18
145,en.15.219.123.2007.11.4
145,en.15.220.13.2007.11.10
145,en.15.80.166.2008.8.18
145,en.3.414.359.2007.12.27
145,en.3.405.211.2007.11.14
145,en.15.81.319.2008.8.25
145,en.15.231.101.2007.12.30
145,en.3.414.239.2007.12.27
145,en.3.414.456.2007.12.28
145,en.3.414.269.2007.12.28
145,en.15.231.168.2008.1.2
145,en.3.414.179.2007.12.27
145,en.15.221.132.2007.11.12
145,en.3.405.140.2007.11.15
145,en.15.220.237.2007.11.10
145,en.3.414.171.2007.12.27
145,en.3.414.465.2007.12.29
145,en.3.390.316.2007.9.10
145,en.15.79.420.2008.8.7
145,en.3.398.205.2007.10.18
145,en.15.219.19.2007.11.4
145,en.15.218.52.2007.11.3
145,en.3.414.324.2007.12.28
145,en.15.101.118.2008.12.20
145,en.15.218.187.2007.11.3
145,en.3.389.41.2007.9.1
145,en.15.253.476.2008.3.24
145,en.15.243.194.2008.2.18
145,en.3.405.312.2007.11.13
145,en.3.414.213.2007.12.27
146,en.2.258.234.2009.4.22
146,en.15.232.156.2008.1.3
146,en.15.78.140.2008.8.3
146,en.15.76.265.2008.7.23
146,en.2.260.281.2009.5.4
146,en.13.27.237.2009.11.20
146,en.3.379.435.2007.7.11
146,en.15.78.267.2008.8.4
146,en.15.235.440.2008.1.19
146,en.15.108.47.2009.2.7
146,en.3.383.349.2007.8.2
146,en.13.10.2.2009.7.29
146,en.15.241.233.2008.2.12
146,en.15.243.351.2008.2.18
146,en.3.392.56.2007.9.19
146,en.15.240.142.2008.2.6
146,en.3.391.96.2007.9.15
146,en.15.69.461.2008.6.2
146,en.15.231.427.2008.1.2
146,en.15.184.18.2010.5.30
146,en.15.118.490.2009.4.4
146,en.15.104.49.2009.1.9
146,en.3.417.27.2008.1.8
146,en.3.379.298.2007.7.10
146,en.15.115.62.2009.2.14
146,en.13.27.19.2009.11.19
146,en.13.25.162.2009.11.8
146,en.15.241.35.2008.2.10
146,en.13.27.120.2009.11.19
146,en.3.384.32.2007.8.8
146,en.15.241.468.2008.2.12
146,en.15.236.59.2008.1.22
146,en.15.114.424.2009.3.3
146,en.2.262.344.2009.5.13
146,en.2.275.91.2009.8.5
146,en.3.358.300.2010.4.12
146,en.3.400.332.2007.10.26
146,en.15.111.302.2009.3.20
146,en.15.255.435.2008.4.4
146,en.15.246.234.2008.2.28
146,en.13.27.438.2009.11.19
146,en.15.243.80.2008.2.19
146,en.15.156.95.2009.12.17
146,en.13.5.137.2009.6.24
146,en.15.238.244.2008.1.30
146,en.3.401.103.2007.10.30
146,en.2.289.269.2009.11.18
146,en.3.383.35.2007.8.1
146,en.3.329.323.2009.9.25
146,en.3.383.163.2007.8.2
147,en.15.176.255.2010.4.23
147,en.2.289.265.2009.11.17
147,en.3.354.305.2010.3.20
147,en.3.403.446.2007.11.5
147,en.15.140.39.2009.8.23
147,en.3.403.127.2007.11.5
147,en.13.10.440.2009.7.28
147,en.3.354.462.2010.3.20
147,en.3.354.50.2010.3.20
147,en.3.354.348.2010.3.21
147,en.15.209.476.2007.9.25
147,en.3.361.253.2010.4.28
147,en.15.102.194.2008.12.25
147,en.13.27.66.2009.11.19
147,en.15.167.260.2010.2.23
147,en.13.30.253.2009.12.20
147,en.2.275.231.2009.8.5
147,en.3.356.402.2010.4.1
147,en.2.268.396.2009.6.17
147,en.15.255.427.2008.4.3
147,en.15.235.216.2008.1.16
147,en.15.160.228.2010.1.16
147,en.13.31.165.2009.12.27
147,en.15.151.448.2009.11.3
147,en.15.253.483.2008.3.26
147,en.15.82.10.2008.8.30
147,en.15.69.5.2008.6.3
147,en.15.98.93.2008.11.27
147,en.15.187.462.2007.6.1
147,en.3.350.499.2010.2.18
147,en.15.212.349.2007.10.8
147,en.15.253.470.2008.3.23
147,en.15.101.141.2008.12.18
147,en.2.260.179.2009.5.2
147,en.13.30.168.2009.12.24
147,en.2.296.168.2010.1.17
147,en.3.397.215.2007.10.10
147,en.15.161.52.2010.1.17
147,en.3.410.248.2007.12.7
147,en.3.357.159.2010.4.10
147,en.3.333.155.2009.10.26
147,en.2.268.331.2009.6.22
147,en.3.357.57.2010.4.7
147,en.15.132.417.2009.6.25
147,en.15.66.334.2008.5.10
147,en.15.160.59.2010.1.16
147,en.13.45.374.2010.3.25
147,en.2.281.23.2009.9.10
147,en.15.161.271.2010.1.20
147,en.3.332.468.2009.10.15
148,en.15.96.119.2008.11.17
148,en.2.319.119.2010.6.5
148,en.15.123.98.2009.5.10
148,en.15.245.345.2008.2.26
148,en.15.201.453.2007.8.9
148,en.15.184.150.2010.5.30
148,en.15.92.355.2008.10.30
148,en.3.333.71.2009.10.28
148,en.3.347.413.2010.2.5
148,en.2.275.14.2009.8.3
148,en.15.210.65.2007.9.28
148,en.2.278.240.2009.8.24
148,en.15.184.146.2010.5.30
148,en.2.263.399.2009.5.24
148,en.15.247.496.2008.3.4
148,en.2.280.27.2009.9.9
148,en.13.1.366.2009.6.2
148,en.15.216.77.2007.10.23
148,en.15.167.412.2010.2.24
148,en.3.349.58.2010.2.11
148,en.3.366.425.2010.5.25
148,en.15.254.475.2008.3.27
148,en.15.167.459.2010.2.24
148,en.15.110.376.2009.3.24
148,en.3.412.31.2007.12.19
148,en.15.67.341.2008.5.19
148,en.3.400.86.2007.10.25
148,en.15.124.192.2009.5.15
148,en.3.373.399.2007.6.12
148,en.2.260.104.2009.4.29
148,en.3.347.352.2010.2.3
148,en.3.347.448.2010.2.3
148,en.15.220.427.2007.11.9
148,en.15.65.245.2008.5.7
148,en.2.279.318.2009.8.28
148,en.15.231.493.2007.12.31
148,en.15.209.425.2007.9.26
148,en.15.66.289.2008.5.8
148,en.15.62.263.2008.4.21
148,en.3.348.349.2010.2.10
148,en.2.317.41.2010.5.27
148,en.15.128.130.2009.6.5
148,en.15.139.371.2009.8.11
148,en.3.361.476.2010.4.28
148,en.2.263.426.2009.5.24
148,en.15.250.267.2008.3.12
148,en.2.317.464.2010.5.27
148,en.15.117.27.2009.4.3
148,en.15.71.484.2008.6.13
148,en.15.61.250.2008.4.15
149,en.15.167.10.2010.2.23
149,en.15.155.9.2009.12.10
149,en.3.357.208.2010.4.8
149,en.15.113.441.2009.3.8
149,en.2.319.112.2010.6.4
149,en.15.125.49.2009.5.21
149,en.15.113.264.2009.3.15
149,en.3.359.111.2010.4.19
149,en.3.350.336.2010.2.19
149,en.3.333.406.2009.10.25
149,en.15.92.120.2008.10.26
149,en.2.281.239.2009.9.14
149,en.15.125.495.2009.5.19
149,en.3.354.479.2010.3.19
149,en.15.167.44.2010.2.23
149,en.3.322.495.2009.8.7
149,en.15.106.477.2009.1.22
149,en.3.361.102.2010.5.1
149,en.15.114.2.2009.3.4
149,en.15.167.362.2010.2.22
149,en.3.408.242.2007.11.29
149,en.2.282.149.2009.9.17
149,en.15.124.443.2009.5.15
149,en.2.263.324.2009.5.23
149,en.3.353.80.2010.3.14
149,en.3.366.93.2010.5.26
149,en.3.359.18.1970.1.1
149,en.15.187.312.2007.6.3
149,en.2.291.275.2009.12.1
149,en.2.309.154.2010.4.10
149,en.15.112.171.2009.3.10
149,en.15.97.362.2008.11.22
149,en.3.407.209.2007.11.24
149,en.3.360.445.2010.4.22
149,en.2.271.166.2009.7.9
149,en.15.242.237.2008.2.13
149,en.15.79.11.2008.8.8
149,en.3.357.447.2010.4.5
149,en.2.281.149.2009.9.15
149,en.15.89.379.2008.10.14
149,en.3.406.347.2007.11.22
149,en.2.257.76.2009.4.9
149,en.15.114.264.2009.3.4
149,en.3.390.102.2007.9.9
149,en.3.405.1.2007.11.13
149,en.15.85.305.2008.9.20
149,en.15.88.83.2008.10.9
149,en.15.227.174.2007.12.12
149,en.15.80.89.2008.8.14
149,en.2.298.270.2010.1.28
150,en.15.77.382.2008.7.24
150,en.15.84.362.2008.9.12
150,en.3.372.80.2007.6.8
150,en.15.86.409.2008.9.25
150,en.2.289.130.2009.11.17
150,en.15.73.305.2008.6.29
150,en.15.241.356.2008.2.11
150,en.15.73.2.2008.6.27
150,en.15.89.328.2008.10.10
150,en.15.86.119.2008.9.27
150,en.15.98.399.2008.12.1
150,en.15.162.63.2010.1.25
150,en.15.105.149.2009.1.13
150,en.2.278.438.2009.8.25
150,en.2.298.293.2010.1.29
150,en.2.319.496.2010.6.7
150,en.15.63.312.2008.4.24
150,en.15.100.152.2008.12.13
150,en.2.320.349.2010.6.8
150,en.2.298.468.2010.1.26
150,en.15.187.446.2007.5.30
150,en.2.296.82.2010.1.20
150,en.15.232.220.2008.1.7
150,en.15.249.22.2008.3.10
150,en.15.86.122.2008.9.27
150,en.15.136.387.2009.7.25
150,en.13.3.29.2009.6.12
150,en.3.332.275.2009.10.16
150,en.15.109.400.2009.3.31
150,en.15.209.153.2007.9.18
150,en.3.329.163.2009.9.25
150,en.15.73.237.2008.6.25
150,en.15.167.194.2010.2.23
150,en.3.360.461.2010.4.22
150,en.3.343.193.2010.1.13
150,en.3.377.296.2007.6.30
150,en.15.242.207.2008.2.13
150,en.13.26.202.2009.11.12
150,en.15.161.376.2010.1.21
150,en.15.147.144.2009.10.5
150,en.3.343.474.2010.1.12
150,en.15.243.263.2008.2.20
150,en.15.232.8.2008.1.7
150,en.15.73.26.2008.6.28
150,en.15.239.330.2008.2.2
150,en.2.289.474.2009.11.12
150,en.15.116.456.2009.2.16
150,en.3.382.300.2007.7.27
150,en.15.248.123.2008.3.6
150,en.3.374.490.2007.6.14
151,en.15.88.340.2008.10.8
151,en.15.156.356.2009.12.11
151,en.3.397.344.2007.10.10
151,en.15.89.14.2008.10.10
151,en.15.147.290.2009.10.7
151,en.15.88.422.2008.10.8
151,en.15.132.397.2009.6.29
151,en.15.155.59.2009.12.10
151,en.15.190.332.2007.6.13
151,en.3.357.104.1970.1.1
151,en.3.343.474.2010.1.12
151,en.15.239.17.2008.2.5
151,en.2.258.81.2009.4.16
151,en.15.147.201.2009.10.6
151,en.3.331.400.2009.10.9
151,en.15.88.278.2008.10.7
151,en.15.93.453.2008.11.2
151,en.3.397.444.2007.10.12
151,en.3.392.268.2007.9.20
151,en.15.82.385.2008.8.28
151,en.3.408.234.2007.11.28
151,en.3.397.278.2007.10.11
151,en.3.397.285.2007.10.11
151,en.3.331.13.2009.10.9
151,en.3.397.270.2007.10.12
151,en.15.88.146.2008.10.8
151,en.3.333.398.2009.10.28
151,en.3.331.165.2009.10.10
151,en.3.331.408.2009.10.12
151,en.15.110.173.2009.3.24
151,en.15.76.325.2008.7.15
151,en.3.331.200.2009.10.9
151,en.2.289.462.2009.11.17
151,en.3.397.225.2007.10.12
151,en.15.86.180.2008.9.27
151,en.3.398.468.2007.10.17
151,en.3.395.422.2007.10.2
151,en.15.212.29.2007.10.5
151,en.3.410.367.2007.12.7
151,en.13.8.122.2009.7.16
151,en.15.88.58.2008.10.9
151,en.15.73.107.2008.6.27
151,en.15.209.234.2007.9.25
151,en.15.209.403.2007.9.26
151,en.3.397.209.2007.10.12
151,en.15.227.378.2007.12.10
151,en.15.225.234.2007.12.3
151,en.15.87.496.2008.9.30
151,en.15.76.206.2008.7.17
151,en.3.331.446.2009.10.12
152,en.2.289.265.2009.11.17
152,en.3.354.305.2010.3.20
152,en.15.250.193.2008.3.12
152,en.15.181.42.2010.5.18
152,en.15.62.78.2008.4.21
152,en.15.66.357.2008.5.8
152,en.3.343.472.1970.1.1
152,en.15.156.103.2009.12.13
152,en.3.382.18.2007.7.26
152,en.15.227.366.2007.12.11
152,en.15.204.43.2007.8.26
152,en.15.140.39.2009.8.23
152,en.15.242.155.2008.2.13
152,en.15.204.490.2007.8.25
152,en.3.414.447.2007.12.27
152,en.15.62.416.2008.4.19
152,en.3.363.168.2010.5.8
152,en.15.245.263.2008.2.26
152,en.2.283.312.2009.9.28
152,en.15.239.28.2008.2.1
152,en.3.384.246.2007.8.7
152,en.15.105.444.2009.1.20
152,en.3.417.201.2008.1.8
152,en.2.266.140.2009.6.10
152,en.2.260.176.2009.4.29
152,en.15.75.393.2008.7.9
152,en.13.10.440.2009.7.28
152,en.2.298.488.2010.1.29
152,en.15.112.59.2009.3.12
152,en.15.228.333.2007.12.17
152,en.3.329.154.2009.9.27
152,en.3.348.138.2010.2.10
152,en.15.227.283.2007.12.12
152,en.15.90.272.2008.10.16
152,en.15.85.242.2008.9.18
152,en.15.125.253.2009.5.20
152,en.15.118.9.2009.4.7
152,en.15.96.7.2008.11.20
152,en.15.84.18.2008.9.16
152,en.15.187.369.2007.5.31
152,en.3.382.64.2007.7.27
152,en.15.254.88.2008.3.27
152,en.15.95.8.2008.11.12
152,en.15.90.202.2008.10.17
152,en.2.279.254.2009.8.30
152,en.3.350.127.2010.2.20
152,en.15.60.462.2008.4.9
152,en.15.154.142.2009.11.23
152,en.15.132.477.2009.6.28
152,en.15.113.175.2009.3.8
153,en.3.389.245.2007.9.6
153,en.3.405.198.2007.11.14
153,en.2.277.26.2009.8.18
153,en.15.72.150.2008.6.19
153,en.15.69.138.2008.6.2
153,en.13.31.266.2010.1.4
153,en.3.381.209.2007.7.25
153,en.13.27.359.2009.11.20
153,en.15.237.500.2008.1.25
153,en.15.246.130.2008.2.29
153,en.13.3.73.2009.6.12
153,en.2.260.296.2009.4.30
153,en.15.184.362.2010.6.1
153,en.3.326.90.2009.9.2
153,en.2.281.385.2009.9.9
153,en.15.188.424.2007.6.6
153,en.3.385.289.2007.8.18
153,en.15.83.306.2008.9.7
153,en.15.215.469.2007.10.21
153,en.15.252.361.2008.3.22
153,en.2.275.275.2009.8.1
153,en.2.275.10.2009.8.4
153,en.15.93.185.2008.11.3
153,en.3.373.484.2007.6.9
153,en.15.96.369.2008.11.17
153,en.13.3.243.2009.6.14
153,en.3.322.441.2009.8.9
153,en.15.221.234.2007.11.12
153,en.15.188.62.2007.6.7
153,en.15.104.298.2009.1.9
153,en.2.275.261.2009.8.2
153,en.3.377.244.2007.6.29
153,en.3.417.189.2008.1.9
153,en.15.83.52.2008.9.5
153,en.15.154.443.2009.11.25
153,en.15.72.295.2008.6.18
153,en.3.356.127.2010.4.3
153,en.15.184.389.2010.5.30
153,en.15.105.133.2009.1.20
153,en.15.116.314.2009.2.17
153,en.15.248.90.2008.3.7
153,en.15.95.54.2008.11.11
153,en.3.390.290.2007.9.10
153,en.15.97.110.2008.11.25
153,en.3.363.133.2010.5.7
153,en.15.155.67.2009.12.8
153,en.15.132.26.2009.7.1
153,en.2.262.345.2009.5.13
153,en.3.409.390.2007.12.6
153,en.15.128.113.2009.6.8
154,en.15.68.434.2008.5.25
154,en.3.379.384.2007.7.10
154,en.15.67.77.2008.5.18
154,en.15.67.40.2008.5.18
154,en.2.262.308.2009.5.13
154,en.15.70.289.2008.6.9
154,en.15.96.369.2008.11.17
154,en.15.66.332.2008.5.13
154,en.15.68.302.2008.5.26
154,en.15.76.17.2008.7.22
154,en.15.155.375.2009.12.8
154,en.15.92.14.2008.10.27
154,en.13.1.500.2009.5.31
154,en.2.262.380.2009.5.11
154,en.15.225.462.2007.12.5
154,en.3.407.135.2007.11.28
154,en.15.254.362.2008.3.28
154,en.15.201.497.2007.8.13
154,en.3.417.77.2008.1.10
154,en.15.76.259.2008.7.20
154,en.3.355.274.2010.3.23
154,en.15.237.132.2008.1.24
154,en.3.417.302.2008.1.11
154,en.3.410.163.2007.12.8
154,en.15.77.220.2008.7.30
154,en.3.332.389.2009.10.20
154,en.2.260.223.2009.5.28
154,en.15.77.336.2008.7.30
154,en.3.417.127.2008.1.10
154,en.3.331.61.2009.10.13
154,en.15.67.191.2008.5.20
154,en.15.248.235.2008.3.7
154,en.15.235.188.2008.1.20
154,en.15.186.163.2007.5.28
154,en.3.354.208.2010.3.19
154,en.15.77.176.2008.7.30
154,en.15.240.167.2008.2.6
154,en.15.123.221.2009.5.10
154,en.15.136.46.2009.7.26
154,en.15.248.20.2008.3.7
154,en.15.85.106.2008.9.18
154,en.15.97.226.2008.11.24
154,en.3.400.490.2007.10.24
154,en.3.374.425.2007.6.14
154,en.15.237.157.2008.1.24
154,en.15.66.147.2008.5.14
154,en.3.373.388.2007.6.11
154,en.15.244.333.2008.2.21
154,en.15.62.148.2008.4.19
154,en.15.186.62.2007.5.29
155,en.15.210.495.2007.9.27
155,en.15.98.319.2008.11.27
155,en.15.100.101.2008.12.14
155,en.15.98.466.2008.11.29
155,en.15.98.294.2008.11.28
155,en.15.194.154.2007.7.3
155,en.15.98.351.2008.11.27
155,en.3.349.131.2010.2.15
155,en.3.349.484.2010.2.14
155,en.2.289.480.2009.11.15
155,en.15.98.52.2008.11.29
155,en.15.98.487.2008.11.29
155,en.15.128.93.2009.6.4
155,en.15.98.136.2008.11.30
155,en.15.98.113.2008.11.27
155,en.15.100.203.2008.12.12
155,en.15.98.75.2008.12.1
155,en.15.98.459.2008.11.27
155,en.3.348.99.2010.2.9
155,en.15.99.439.2008.12.2
155,en.15.154.454.2009.11.26
155,en.15.99.419.2008.12.2
155,en.15.98.88.2008.11.27
155,en.15.98.50.2008.11.28
155,en.13.30.324.2009.12.26
155,en.15.98.336.2008.11.29
155,en.15.194.229.2007.7.3
155,en.3.349.188.2010.2.12
155,en.15.98.490.2008.11.29
155,en.15.98.272.2008.11.28
155,en.15.98.396.2008.11.28
155,en.15.250.213.2008.3.12
155,en.15.103.241.2008.12.31
155,en.15.100.165.2008.12.15
155,en.15.98.370.2008.11.29
155,en.15.99.467.2008.12.3
155,en.15.100.374.2008.12.12
155,en.3.388.144.2007.8.30
155,en.15.123.7.2009.5.10
155,en.15.104.160.2009.1.8
155,en.15.98.331.2008.11.27
155,en.15.98.445.2008.11.27
155,en.15.135.287.2009.7.20
155,en.3.388.9.2007.8.30
155,en.15.98.15.2008.11.30
155,en.15.101.222.2008.12.21
155,en.15.98.471.2008.11.30
155,en.15.242.354.2008.2.15
155,en.15.135.101.2009.7.19
155,en.2.263.53.2009.5.25
156,en.3.360.275.2010.4.26
156,en.3.359.317.2010.4.19
156,en.3.359.232.2010.4.19
156,en.3.363.493.2010.5.10
156,en.3.360.335.2010.4.23
156,en.13.8.106.2009.7.15
156,en.3.360.272.2010.4.26
156,en.3.360.404.2010.4.22
156,en.15.135.380.2009.7.17
156,en.3.360.327.2010.4.26
156,en.15.104.419.2009.1.10
156,en.13.41.87.2010.3.1
156,en.13.8.291.2009.7.16
156,en.2.281.180.2009.9.15
156,en.3.361.69.2010.4.27
156,en.15.75.28.2008.7.14
156,en.15.139.9.2009.8.12
156,en.13.8.473.2009.7.16
156,en.2.260.440.2009.4.29
156,en.15.119.25.2009.4.10
156,en.2.262.193.2009.5.16
156,en.15.69.21.2008.6.3
156,en.15.147.50.2009.10.6
156,en.15.238.311.2008.1.28
156,en.15.95.275.2008.11.11
156,en.3.329.477.2009.9.23
156,en.3.352.48.2010.3.6
156,en.3.398.2.2007.10.18
156,en.15.220.41.2007.11.7
156,en.15.75.271.2008.7.14
156,en.15.76.491.2008.7.15
156,en.15.256.233.2008.4.8
156,en.15.137.68.2009.7.30
156,en.15.86.151.2008.9.27
156,en.13.26.99.2009.11.11
156,en.15.246.475.2008.2.29
156,en.15.121.423.2009.4.27
156,en.15.201.451.2007.8.8
156,en.3.361.402.2010.4.27
156,en.15.242.186.2008.2.15
156,en.13.41.172.2010.3.5
156,en.15.70.150.2008.6.9
156,en.3.353.186.2010.3.12
156,en.15.130.374.2009.6.16
156,en.3.401.303.2007.10.30
156,en.15.240.472.2008.2.8
156,en.15.240.185.2008.2.7
156,en.3.356.34.2010.3.29
156,en.15.251.458.2008.3.18
156,en.2.277.223.2009.8.21
157,en.13.31.349.2010.1.1
157,en.3.373.274.2007.6.12
157,en.15.250.193.2008.3.12
157,en.3.398.236.2007.10.18
157,en.15.209.13.2007.9.19
157,en.2.311.231.2010.4.26
157,en.3.360.405.2010.4.26
157,en.15.209.257.2007.9.26
157,en.3.398.321.2007.10.18
157,en.15.111.387.2009.3.17
157,en.15.83.92.2008.9.5
157,en.15.209.262.2007.9.25
157,en.3.400.63.2007.10.24
157,en.2.268.95.2009.6.17
157,en.3.349.188.2010.2.12
157,en.15.91.169.2008.10.21
157,en.3.388.499.2007.8.29
157,en.3.405.26.2007.11.14
157,en.15.101.22.2008.12.17
157,en.15.63.217.2008.4.25
157,en.3.373.457.2007.6.12
157,en.15.167.261.2010.2.24
157,en.3.373.409.2007.6.11
157,en.3.382.153.2007.7.29
157,en.3.382.316.2007.7.28
157,en.15.210.174.2007.9.29
157,en.15.93.403.2008.11.3
157,en.15.106.178.2009.1.22
157,en.3.374.484.2007.6.15
157,en.2.309.260.2010.4.10
157,en.15.210.236.2007.9.27
157,en.15.243.272.2008.2.20
157,en.15.162.110.2010.1.24
157,en.3.347.399.2010.2.3
157,en.15.128.180.2009.6.5
157,en.15.100.169.2008.12.15
157,en.15.212.102.2007.10.5
157,en.15.212.141.2007.10.6
157,en.15.117.447.2009.2.22
157,en.15.75.88.2008.7.14
157,en.15.228.434.2007.12.18
157,en.13.3.281.2009.6.14
157,en.15.250.213.2008.3.12
157,en.3.384.129.2007.8.8
157,en.3.348.474.2010.2.5
157,en.15.139.406.2009.8.14
157,en.15.77.197.2008.7.29
157,en.3.380.216.2007.7.18
157,en.3.354.497.2010.3.19
157,en.3.349.127.2010.2.13
158,en.2.283.337.2009.9.29
158,en.3.400.215.2007.10.24
158,en.15.210.239.2007.10.1
158,en.15.90.191.2008.10.16
158,en.15.72.402.2008.6.20
158,en.15.81.457.2008.8.24
158,en.15.245.91.2008.2.25
158,en.15.245.275.2008.2.25
158,en.15.121.59.2009.4.27
158,en.15.106.152.2009.1.23
158,en.15.206.369.2007.8.31
158,en.15.236.384.2008.1.23
158,en.15.87.86.2008.10.4
158,en.15.83.116.2008.9.8
158,en.15.156.360.2009.12.15
158,en.13.59.404.2010.6.8
158,en.15.112.76.2009.3.11
158,en.15.102.377.2008.12.26
158,en.3.329.283.1970.1.1
158,en.15.73.36.2008.6.27
158,en.15.204.359.2007.8.27
158,en.13.27.317.2009.11.20
158,en.15.107.250.2009.1.29
158,en.15.75.66.2008.7.8
158,en.15.99.197.2008.12.3
158,en.15.250.62.2008.3.15
158,en.15.245.492.2008.2.26
158,en.15.236.292.2008.1.20
158,en.13.27.99.2009.11.19
158,en.3.377.408.2007.6.28
158,en.15.240.416.2008.2.8
158,en.13.26.484.2009.11.11
158,en.15.249.243.2008.3.12
158,en.3.379.498.2007.7.11
158,en.15.102.298.2008.12.23
158,en.13.27.192.2009.11.20
158,en.15.99.158.2008.12.4
158,en.15.93.18.2008.11.3
158,en.15.116.98.2009.2.16
158,en.2.305.46.2010.3.16
158,en.3.400.59.2007.10.24
158,en.15.252.431.2008.3.22
158,en.15.97.54.2008.11.25
158,en.15.110.101.2009.3.27
158,en.15.113.130.2009.3.15
158,en.15.109.285.2009.3.30
158,en.15.110.3.2009.3.30
158,en.15.77.411.2008.7.28
158,en.2.291.32.2009.12.2
158,en.15.205.175.2007.8.28
159,en.13.56.356.2010.5.27
159,en.2.317.255.2010.5.27
159,en.15.103.102.2008.12.30
159,en.3.380.434.2007.7.18
159,en.15.254.125.2008.3.29
159,en.15.96.60.2008.11.19
159,en.15.103.177.2008.12.29
159,en.15.70.290.2008.6.12
159,en.13.59.378.2010.6.11
159,en.15.96.223.2008.11.18
159,en.15.238.185.2008.1.30
159,en.3.352.3.2010.3.8
159,en.15.190.383.2007.6.12
159,en.15.80.339.2008.8.20
159,en.15.100.117.2008.12.9
159,en.15.60.325.2008.4.10
159,en.15.64.369.2008.4.26
159,en.15.104.283.2009.1.10
159,en.3.352.221.1970.1.1
159,en.3.382.205.2007.7.26
159,en.15.66.492.2008.5.9
159,en.15.236.389.2008.1.24
159,en.2.260.67.2009.5.1
159,en.15.96.255.2008.11.17
159,en.2.282.184.2009.9.19
159,en.3.417.27.2008.1.8
159,en.15.256.86.2008.4.6
159,en.15.229.470.2007.12.22
159,en.2.281.375.2009.9.14
159,en.15.99.364.2008.12.7
159,en.15.212.211.2007.10.4
159,en.15.102.367.2008.12.28
159,en.15.256.287.2008.4.7
159,en.15.103.368.2008.12.31
159,en.15.76.370.2008.7.18
159,en.2.260.165.2009.5.1
159,en.15.181.307.2010.5.17
159,en.15.104.434.2009.1.9
159,en.15.67.63.2008.5.19
159,en.3.360.346.2010.4.22
159,en.15.102.381.2008.12.25
159,en.15.238.267.2008.1.30
159,en.15.248.58.2008.3.9
159,en.15.97.466.2008.11.23
159,en.3.353.381.2010.3.10
159,en.15.77.261.2008.7.28
159,en.15.186.102.2007.5.29
159,en.15.91.455.2008.10.24
159,en.15.61.304.2008.4.15
159,en.15.103.372.2008.12.29
160,en.15.176.255.2010.4.23
160,en.3.406.207.2007.11.23
160,en.2.298.176.2010.1.27
160,en.15.65.285.2008.5.4
160,en.15.161.250.2010.1.17
160,en.15.244.350.2008.2.20
160,en.2.296.78.1970.1.1
160,en.3.339.481.2009.12.8
160,en.3.378.249.2007.7.7
160,en.15.253.80.2008.3.24
160,en.3.414.270.2007.12.26
160,en.15.225.457.2007.12.5
160,en.3.419.63.2008.1.17
160,en.15.188.112.2007.6.6
160,en.15.109.461.2009.4.1
160,en.15.188.259.2007.6.5
160,en.15.74.397.2008.7.6
160,en.15.99.223.2008.12.7
160,en.2.270.370.2009.7.2
160,en.3.374.345.2007.6.15
160,en.2.298.268.2010.1.29
160,en.2.275.341.2009.8.3
160,en.15.59.137.2008.4.9
160,en.15.219.33.2007.11.4
160,en.15.147.116.2009.10.7
160,en.15.68.334.2008.5.24
160,en.3.403.75.2007.11.5
160,en.15.228.451.2007.12.17
160,en.15.244.324.2008.2.20
160,en.15.100.149.2008.12.14
160,en.3.373.213.2007.6.11
160,en.15.246.155.2008.3.1
160,en.15.66.86.2008.5.14
160,en.3.377.288.2007.6.30
160,en.15.188.274.2007.6.7
160,en.3.397.142.2007.10.12
160,en.15.64.383.2008.4.29
160,en.15.102.427.2008.12.25
160,en.2.268.23.2009.6.21
160,en.3.419.267.2008.1.19
160,en.15.225.7.2007.12.6
160,en.15.70.434.2008.6.9
160,en.15.105.490.2009.1.12
160,en.3.381.298.2007.7.25
160,en.15.246.341.2008.3.2
160,en.2.258.16.2009.4.16
160,en.15.241.176.2008.2.11
160,en.15.194.267.2007.7.3
160,en.15.250.131.2008.3.13
160,en.15.103.303.2008.12.31
161,en.15.206.300.2007.8.31
161,en.3.394.389.2007.10.1
161,en.3.383.58.2007.8.4
161,en.15.247.216.2008.3.3
161,en.15.132.328.2009.6.27
161,en.15.251.195.2008.3.18
161,en.3.377.311.2007.6.29
161,en.15.132.497.2009.6.26
161,en.15.247.265.2008.3.5
161,en.3.382.445.2007.7.26
161,en.15.220.389.2007.11.7
161,en.15.242.444.2008.2.15
161,en.15.228.120.2007.12.18
161,en.15.90.50.2008.10.19
161,en.15.80.380.2008.8.14
161,en.15.194.212.2007.7.2
161,en.15.190.468.2007.6.14
161,en.3.380.452.2007.7.15
161,en.3.373.442.2007.6.9
161,en.3.417.236.2008.1.10
161,en.15.220.206.2007.11.9
161,en.3.379.203.2007.7.9
161,en.15.252.128.2008.3.22
161,en.3.417.309.2008.1.9
161,en.15.85.112.2008.9.18
161,en.3.405.59.2007.11.13
161,en.15.190.271.2007.6.12
161,en.3.391.166.2007.9.12
161,en.3.382.73.2007.7.30
161,en.15.101.398.2008.12.18
161,en.15.238.237.2008.1.29
161,en.3.377.258.2007.6.29
161,en.15.73.293.2008.6.29
161,en.15.250.223.2008.3.14
161,en.15.98.240.2008.12.1
161,en.15.236.388.2008.1.22
161,en.3.417.252.2008.1.11
161,en.3.377.32.2007.6.30
161,en.3.392.446.2007.9.19
161,en.15.220.160.2007.11.9
161,en.15.220.320.2007.11.8
161,en.15.62.53.2008.4.17
161,en.15.238.357.2008.2.1
161,en.3.373.95.2007.6.12
161,en.15.104.353.2009.1.6
161,en.15.93.79.2008.11.2
161,en.3.406.38.2007.11.19
161,en.2.277.67.2009.8.20
161,en.3.407.129.2007.11.28
161,en.3.412.499.2007.12.19
162,en.15.136.348.2009.7.27
162,en.2.319.185.2010.6.3
162,en.13.55.209.2010.5.22
162,en.15.115.426.2009.2.11
162,en.15.184.383.2010.5.31
162,en.15.240.449.2008.2.6
162,en.15.240.448.2008.2.7
162,en.3.356.366.2010.4.1
162,en.15.252.199.2008.3.22
162,en.3.360.107.2010.4.25
162,en.15.64.24.2008.4.29
162,en.15.83.104.2008.9.5
162,en.15.68.215.2008.5.26
162,en.3.381.220.2007.7.25
162,en.15.70.218.2008.6.12
162,en.15.147.470.2009.10.7
162,en.15.85.312.2008.9.18
162,en.15.240.134.2008.2.6
162,en.15.248.461.2008.3.8
162,en.15.194.145.2007.7.4
162,en.15.240.116.2008.2.6
162,en.15.96.487.2008.11.20
162,en.15.250.153.2008.3.15
162,en.15.250.365.2008.3.15
162,en.15.240.340.2008.2.6
162,en.15.240.173.2008.2.6
162,en.2.275.480.2009.8.4
162,en.15.203.223.2007.8.22
162,en.15.250.300.2008.3.16
162,en.15.240.194.2008.2.7
162,en.3.382.273.2007.7.26
162,en.15.250.284.2008.3.15
162,en.15.66.443.2008.5.11
162,en.15.140.100.2009.8.21
162,en.15.119.66.2009.4.11
162,en.3.359.166.2010.4.17
162,en.15.178.475.2010.5.4
162,en.15.66.93.2008.5.12
162,en.15.111.345.2009.3.21
162,en.15.203.129.2007.8.19
162,en.15.135.21.2009.7.19
162,en.15.252.436.2008.3.23
162,en.3.375.262.2007.6.20
162,en.3.398.142.2007.10.16
162,en.15.240.113.2008.2.7
162,en.3.360.466.2010.4.22
162,en.15.63.204.2008.4.25
162,en.15.227.274.2007.12.11
162,en.15.204.60.2007.8.24
162,en.15.201.220.2007.8.8
163,en.2.289.265.2009.11.17
163,en.3.354.305.2010.3.20
163,en.15.238.200.2008.1.30
163,en.15.90.126.2008.10.16
163,en.3.360.18.2010.4.22
163,en.15.140.39.2009.8.23
163,en.2.298.5.2010.1.26
163,en.3.349.466.2010.2.11
163,en.2.298.77.2010.1.26
163,en.3.333.94.2009.10.28
163,en.3.333.383.2009.10.28
163,en.13.10.440.2009.7.28
163,en.15.118.453.2009.4.8
163,en.15.121.11.2009.4.26
163,en.15.125.362.2009.5.19
163,en.15.232.30.2008.1.6
163,en.15.120.421.2009.4.22
163,en.2.298.92.2010.1.26
163,en.15.70.441.2008.6.10
163,en.15.196.211.2007.7.12
163,en.3.361.253.2010.4.28
163,en.3.408.61.2007.11.29
163,en.15.107.424.2009.2.1
163,en.3.408.60.2007.11.28
163,en.15.225.22.2007.12.5
163,en.3.417.273.2008.1.10
163,en.15.162.85.2010.1.22
163,en.2.258.172.2009.4.20
163,en.15.89.6.2008.10.9
163,en.3.348.422.2010.2.9
163,en.15.132.113.2009.7.1
163,en.3.379.479.2007.7.10
163,en.15.247.267.2008.3.5
163,en.15.147.141.2009.10.5
163,en.2.296.146.2010.1.18
163,en.3.361.428.2010.4.28
163,en.15.218.424.2007.11.2
163,en.3.384.125.2007.8.6
163,en.3.414.462.2007.12.26
163,en.15.117.143.2009.2.23
163,en.2.277.465.2009.8.15
163,en.15.91.264.2008.10.21
163,en.3.366.416.2010.5.27
163,en.15.194.487.2007.7.5
163,en.3.377.291.2007.6.29
163,en.15.106.419.2009.1.25
163,en.15.117.268.2009.2.20
163,en.15.64.279.2008.4.29
163,en.15.89.386.2008.10.15
163,en.15.125.243.2009.5.17
164,en.15.220.5.2007.11.10
164,en.15.107.259.2009.1.29
164,en.15.102.78.2008.12.23
164,en.13.30.297.2009.12.23
164,en.15.112.273.2009.3.11
164,en.15.137.476.2009.7.31
164,en.15.141.445.2009.8.29
164,en.15.136.153.2009.7.20
164,en.15.96.418.2008.11.20
164,en.15.113.262.2009.3.14
164,en.3.375.165.2007.6.19
164,en.3.327.392.2009.9.12
164,en.3.333.197.2009.10.27
164,en.15.89.352.2008.10.12
164,en.15.132.489.2009.6.26
164,en.15.132.202.2009.6.26
164,en.15.132.5.2009.6.26
164,en.13.8.466.2009.7.11
164,en.15.87.431.2008.10.1
164,en.15.132.336.2009.6.29
164,en.15.113.158.2009.3.6
164,en.3.326.101.2009.9.6
164,en.15.132.479.2009.6.26
164,en.2.298.269.1970.1.1
164,en.13.8.68.2009.7.11
164,en.2.270.162.2009.7.2
164,en.2.271.457.2009.7.8
164,en.15.97.199.2008.11.24
164,en.15.132.99.2009.6.30
164,en.15.132.332.2009.6.26
164,en.15.132.317.2009.6.26
164,en.2.275.340.2009.8.4
164,en.2.275.213.2009.8.4
164,en.2.271.392.2009.7.8
164,en.15.132.246.2009.6.26
164,en.2.270.11.2009.7.3
164,en.15.132.44.2009.6.26
164,en.15.136.376.2009.7.25
164,en.2.282.345.2009.9.19
164,en.15.132.63.2009.6.26
164,en.2.270.133.2009.7.3
164,en.15.132.195.2009.6.26
164,en.2.271.301.2009.7.8
164,en.3.331.232.2009.10.8
164,en.15.132.54.2009.6.30
164,en.2.281.481.2009.9.9
164,en.3.333.336.2009.10.23
164,en.15.245.109.2008.2.27
164,en.3.354.399.2010.3.20
164,en.2.271.406.2009.7.7
165,en.15.172.295.2010.3.28
165,en.15.72.330.2008.6.20
165,en.3.333.185.2009.10.29
165,en.3.361.273.2010.4.30
165,en.2.268.369.2009.6.17
165,en.15.237.155.2008.1.25
165,en.15.156.39.2009.12.15
165,en.3.331.95.2009.10.13
165,en.15.108.40.2009.2.3
165,en.15.77.452.2008.7.24
165,en.15.72.103.2008.6.23
165,en.15.116.24.2009.2.17
165,en.3.388.274.2007.8.30
165,en.15.71.256.2008.6.18
165,en.3.363.157.2010.5.6
165,en.15.69.93.2008.6.3
165,en.3.366.131.2010.5.24
165,en.15.108.286.2009.2.7
165,en.3.363.416.2010.5.11
165,en.15.241.337.2008.2.10
165,en.3.349.58.2010.2.11
165,en.3.389.265.2007.9.1
165,en.15.61.231.2008.4.15
165,en.3.407.111.2007.11.28
165,en.15.215.160.2007.10.20
165,en.3.417.263.2008.1.9
165,en.2.266.396.2009.6.9
165,en.2.266.275.2009.6.8
165,en.15.76.496.2008.7.16
165,en.15.74.302.2008.7.6
165,en.3.383.146.2007.8.1
165,en.15.249.344.2008.3.11
165,en.15.241.194.2008.2.11
165,en.3.357.5.2010.4.7
165,en.15.151.369.2009.11.6
165,en.2.264.383.2009.5.26
165,en.15.243.114.2008.2.20
165,en.3.382.150.2007.7.31
165,en.13.59.174.2010.6.9
165,en.15.77.444.2008.7.24
165,en.15.184.155.2010.6.1
165,en.3.398.225.2007.10.17
165,en.15.240.277.2008.2.7
165,en.15.231.331.2008.1.1
165,en.2.266.340.2009.6.9
165,en.3.381.465.2007.7.23
165,en.15.75.208.2008.7.13
165,en.15.123.283.2009.5.6
165,en.15.118.43.2009.4.6
165,en.15.95.279.2008.11.14
166,en.3.326.350.2009.9.2
166,en.3.353.239.2010.3.13
166,en.2.275.398.2009.8.2
166,en.2.291.354.2009.12.2
166,en.15.123.265.2009.5.6
166,en.13.3.433.2009.6.11
166,en.3.391.104.2007.9.13
166,en.2.270.40.2009.7.2
166,en.15.63.468.2008.4.23
166,en.3.380.14.2007.7.18
166,en.3.366.26.2010.5.25
166,en.15.109.229.2009.3.31
166,en.15.106.230.2009.1.25
166,en.3.361.359.2010.4.28
166,en.15.167.10.2010.2.23
166,en.3.347.430.2010.2.4
166,en.3.397.157.2007.10.11
166,en.15.253.179.2008.3.24
166,en.3.408.407.2007.11.29
166,en.15.128.421.2009.6.4
166,en.15.254.200.2008.3.28
166,en.15.125.100.2009.5.20
166,en.15.231.249.2008.1.2
166,en.2.268.443.2009.6.18
166,en.15.125.95.2009.5.21
166,en.3.347.285.2010.2.2
166,en.3.408.135.2007.11.29
166,en.15.65.254.2008.5.6
166,en.15.60.71.2008.4.10
166,en.15.128.59.2009.6.5
166,en.15.184.462.2010.5.30
166,en.3.383.178.2007.8.1
166,en.15.125.150.2009.5.20
166,en.15.61.428.2008.4.16
166,en.15.130.229.2009.6.15
166,en.15.128.82.2009.6.4
166,en.2.268.303.2009.6.17
166,en.15.78.396.2008.8.5
166,en.15.212.317.2007.10.5
166,en.15.204.265.2007.8.23
166,en.3.406.158.2007.11.20
166,en.15.72.77.2008.6.22
166,en.15.81.493.2008.8.25
166,en.3.400.53.2007.10.24
166,en.15.248.164.2008.3.9
166,en.13.1.76.2009.6.2
166,en.3.333.73.2009.10.25
166,en.3.405.83.2007.11.17
166,en.15.254.420.2008.3.30
166,en.13.1.86.2009.6.2
167,en.15.204.340.2007.8.24
167,en.15.188.413.2007.6.4
167,en.15.243.346.2008.2.18
167,en.15.140.455.2009.8.21
167,en.15.140.356.2009.8.21
167,en.3.358.335.2010.4.12
167,en.15.101.38.2008.12.21
167,en.15.204.210.2007.8.23
167,en.15.90.130.2008.10.17
167,en.15.212.100.2007.10.8
167,en.2.289.471.2009.11.14
167,en.3.377.66.2007.6.29
167,en.2.266.3.2009.6.9
167,en.3.357.237.2010.4.5
167,en.15.209.454.2007.9.25
167,en.15.234.467.2008.1.14
167,en.3.356.105.2010.4.1
167,en.2.278.256.2009.8.25
167,en.15.110.134.2009.3.30
167,en.3.356.31.2010.4.2
167,en.3.356.407.2010.4.1
167,en.3.356.372.2010.3.31
167,en.15.82.48.2008.8.30
167,en.13.8.6.2009.7.15
167,en.3.356.318.2010.4.1
167,en.15.252.44.2008.3.19
167,en.2.291.112.2009.11.30
167,en.3.389.415.2007.9.1
167,en.15.212.310.2007.10.8
167,en.2.281.240.2009.9.16
167,en.15.89.193.2008.10.12
167,en.2.296.393.2010.1.20
167,en.2.270.291.2009.7.4
167,en.3.348.432.2010.2.6
167,en.15.253.457.2008.3.26
167,en.15.120.421.2009.4.22
167,en.2.277.252.2009.8.18
167,en.2.277.418.2009.8.18
167,en.3.395.8.2007.10.4
167,en.15.246.304.2008.3.2
167,en.3.356.102.2010.3.31
167,en.3.356.488.2010.4.4
167,en.3.356.498.2010.3.31
167,en.15.156.175.2009.12.13
167,en.3.356.428.2010.3.30
167,en.2.291.288.2009.11.28
167,en.15.90.1.2008.10.17
167,en.15.218.286.2007.11.1
167,en.15.118.453.2009.4.8
167,en.3.347.153.2010.1.30
168,en.15.167.213.2010.2.26
168,en.2.264.180.2009.5.27
168,en.2.263.40.2009.5.26
168,en.15.238.113.2008.1.30
168,en.2.270.298.2009.7.3
168,en.3.400.28.2007.10.24
168,en.15.162.204.2010.1.25
168,en.15.84.400.2008.9.12
168,en.15.84.8.2008.9.12
168,en.15.82.87.2008.9.2
168,en.15.220.369.2007.11.8
168,en.2.264.97.2009.5.29
168,en.15.124.469.2009.5.15
168,en.15.83.205.2008.9.7
168,en.15.123.289.2009.5.9
168,en.15.238.174.2008.1.30
168,en.15.219.113.2007.11.4
168,en.15.139.169.2009.8.11
168,en.15.139.411.2009.8.13
168,en.15.247.413.2008.3.4
168,en.15.220.203.2007.11.9
168,en.15.147.471.2009.10.3
168,en.15.124.147.2009.5.15
168,en.15.140.411.2009.8.21
168,en.2.289.436.1970.1.1
168,en.15.132.213.2009.6.30
168,en.15.124.489.2009.5.15
168,en.15.106.497.2009.1.24
168,en.13.1.9.2009.5.31
168,en.13.1.360.2009.5.30
168,en.15.110.137.2009.3.24
168,en.13.30.94.2009.12.21
168,en.3.363.48.2010.5.11
168,en.15.130.362.2009.6.16
168,en.15.242.304.2008.2.13
168,en.13.10.152.2009.7.28
168,en.3.326.69.2009.9.4
168,en.15.147.362.2009.10.7
168,en.3.403.35.2007.11.6
168,en.2.289.79.1970.1.1
168,en.15.147.417.2009.10.2
168,en.15.123.434.2009.5.7
168,en.15.238.69.2008.1.30
168,en.15.81.492.2008.8.26
168,en.2.270.62.2009.7.4
168,en.13.3.104.2009.6.11
168,en.13.3.478.2009.6.11
168,en.15.108.192.2009.2.2
168,en.15.68.358.2008.5.27
168,en.15.76.267.2008.7.17
169,en.15.95.229.2008.11.13
169,en.3.357.280.2010.4.5
169,en.2.263.22.2009.5.24
169,en.15.192.495.2007.6.22
169,en.2.271.191.2009.7.8
169,en.3.333.18.2009.10.25
169,en.2.296.82.2010.1.20
169,en.15.228.44.2007.12.17
169,en.15.135.287.2009.7.20
169,en.15.83.116.2008.9.8
169,en.15.98.471.2008.11.30
169,en.15.215.347.2007.10.21
169,en.15.68.246.2008.5.26
169,en.15.98.148.2008.11.27
169,en.2.283.337.2009.9.29
169,en.15.234.438.2008.1.16
169,en.15.206.369.2007.8.31
169,en.15.110.140.2009.3.29
169,en.15.98.356.2008.12.2
169,en.15.161.425.2010.1.20
169,en.13.51.414.2010.5.3
169,en.15.98.375.2008.11.27
169,en.15.236.462.2008.1.22
169,en.15.231.400.2008.1.2
169,en.3.394.408.2007.10.2
169,en.3.378.83.2007.7.8
169,en.15.99.423.2008.12.4
169,en.3.356.486.2010.3.31
169,en.15.101.305.2008.12.16
169,en.13.27.317.2009.11.20
169,en.3.333.304.2009.10.24
169,en.15.215.19.2007.10.22
169,en.15.121.393.2009.4.24
169,en.15.75.332.2008.7.13
169,en.3.348.83.2010.2.6
169,en.15.194.345.2007.7.6
169,en.3.414.359.2007.12.27
169,en.13.53.86.2010.5.13
169,en.15.85.177.2008.9.20
169,en.15.98.250.2008.11.29
169,en.15.231.338.2008.1.1
169,en.3.400.215.2007.10.24
169,en.2.277.90.2009.8.21
169,en.3.393.475.2007.9.23
169,en.15.98.452.2008.11.27
169,en.15.98.330.2008.11.28
169,en.2.262.220.2009.5.12
169,en.15.251.370.2008.3.17
169,en.3.414.489.2007.12.27
169,en.15.215.316.2007.10.22
170,en.15.101.124.2008.12.16
170,en.3.322.495.2009.8.7
170,en.15.68.332.2008.5.22
170,en.15.232.10.2008.1.3
170,en.3.392.102.2007.9.19
170,en.15.194.359.2007.7.4
170,en.3.377.335.2007.6.28
170,en.3.406.177.2007.11.18
170,en.15.251.52.2008.3.17
170,en.15.231.107.2007.12.30
170,en.15.61.168.2008.4.15
170,en.15.61.31.2008.4.16
170,en.15.116.276.2009.2.19
170,en.15.71.204.2008.6.15
170,en.15.220.180.2007.11.11
170,en.3.417.391.2008.1.10
170,en.3.376.224.2007.6.25
170,en.15.232.437.2008.1.5
170,en.15.194.435.2007.7.5
170,en.15.117.114.2009.2.24
170,en.3.417.324.2008.1.8
170,en.15.117.287.2009.2.23
170,en.15.112.66.2009.3.11
170,en.3.405.133.2007.11.15
170,en.2.262.179.2009.5.12
170,en.15.62.291.2008.4.18
170,en.15.112.3.2009.3.9
170,en.3.403.302.2007.11.7
170,en.15.232.339.2008.1.6
170,en.15.232.195.2008.1.4
170,en.3.395.26.2007.10.2
170,en.15.209.222.2007.9.18
170,en.15.220.223.2007.11.10
170,en.3.389.376.2007.9.1
170,en.3.376.193.2007.6.24
170,en.15.116.465.2009.2.18
170,en.3.390.177.2007.9.6
170,en.3.376.201.2007.6.26
170,en.3.395.143.2007.10.3
170,en.15.123.380.2009.5.9
170,en.15.117.39.2009.2.22
170,en.3.376.169.2007.6.23
170,en.15.210.319.2007.9.30
170,en.3.405.121.2007.11.13
170,en.3.414.12.2007.12.29
170,en.15.220.294.2007.11.7
170,en.2.271.122.2009.7.6
170,en.15.231.192.2008.1.2
170,en.15.64.155.2008.4.28
170,en.15.96.348.2008.11.20
171,en.3.331.6.2009.10.13
171,en.15.162.110.2010.1.24
171,en.15.94.192.2008.11.8
171,en.15.79.414.2008.8.13
171,en.3.379.217.2007.7.12
171,en.3.414.439.2007.12.29
171,en.15.75.229.2008.7.10
171,en.3.379.198.2007.7.11
171,en.2.281.36.2009.9.15
171,en.13.8.381.2009.7.13
171,en.15.89.215.2008.10.13
171,en.13.8.20.2009.7.13
171,en.15.250.201.2008.3.14
171,en.15.201.150.2007.8.13
171,en.15.105.434.2009.1.20
171,en.15.194.127.2007.7.4
171,en.15.95.128.2008.11.12
171,en.15.125.440.2009.5.21
171,en.3.349.204.2010.2.14
171,en.2.262.468.2009.5.12
171,en.3.339.311.2009.12.7
171,en.15.125.131.2009.5.20
171,en.15.98.294.2008.11.28
171,en.2.260.316.2009.5.4
171,en.13.10.180.2009.7.29
171,en.15.132.106.2009.7.1
171,en.15.220.387.2007.11.12
171,en.15.109.343.2009.2.8
171,en.15.76.191.2008.7.22
171,en.15.65.379.2008.5.6
171,en.15.236.141.2008.1.23
171,en.15.188.42.2007.6.6
171,en.15.66.332.2008.5.13
171,en.3.377.229.2007.6.29
171,en.3.349.343.2010.2.14
171,en.15.93.161.2008.11.4
171,en.15.85.285.2008.9.17
171,en.15.76.239.2008.7.15
171,en.3.380.442.2007.7.15
171,en.3.382.480.2007.7.30
171,en.3.374.44.2007.6.14
171,en.3.383.70.2007.7.31
171,en.15.243.78.2008.2.17
171,en.15.67.152.2008.5.18
171,en.15.100.368.2008.12.11
171,en.3.357.316.2010.4.5
171,en.15.100.328.2008.12.12
171,en.15.108.463.2009.2.3
171,en.3.379.230.2007.7.10
171,en.15.187.69.2007.5.31
172,en.15.194.368.2007.7.5
172,en.2.289.265.2009.11.17
172,en.3.354.305.2010.3.20
172,en.15.140.39.2009.8.23
172,en.3.381.130.2007.7.23
172,en.3.388.431.2007.8.31
172,en.15.196.21.2007.7.13
172,en.13.10.440.2009.7.28
172,en.3.383.98.2007.8.1
172,en.3.361.253.2010.4.28
172,en.15.203.408.2007.8.22
172,en.2.279.91.2009.8.28
172,en.3.361.31.2010.4.28
172,en.15.107.490.2009.1.28
172,en.15.100.332.2008.12.11
172,en.13.31.165.2009.12.27
172,en.15.86.334.2008.9.26
172,en.15.100.68.2008.12.14
172,en.15.210.74.2007.10.1
172,en.3.363.366.2010.5.10
172,en.3.350.499.2010.2.18
172,en.2.298.135.2010.1.29
172,en.13.53.179.2010.5.13
172,en.15.113.109.2009.3.13
172,en.15.97.351.2008.11.24
172,en.13.30.168.2009.12.24
172,en.15.203.130.2007.8.21
172,en.15.93.379.2008.10.31
172,en.2.283.25.2009.9.30
172,en.15.82.212.2008.9.4
172,en.15.97.164.2008.11.24
172,en.2.262.20.2009.5.14
172,en.13.51.409.2010.5.2
172,en.15.60.116.2008.4.9
172,en.15.94.378.2008.11.8
172,en.15.91.245.2008.10.22
172,en.15.121.464.2009.4.26
172,en.15.78.423.2008.8.6
172,en.15.98.124.2008.11.27
172,en.3.384.29.2007.8.6
172,en.15.241.143.2008.2.12
172,en.3.354.198.2010.3.19
172,en.15.254.88.2008.3.27
172,en.3.333.187.2009.10.25
172,en.15.101.454.2008.12.17
172,en.15.81.427.2008.8.26
172,en.3.391.321.2007.9.13
172,en.15.105.218.2009.1.14
172,en.3.354.135.2010.3.19
172,en.15.86.294.2008.9.25
173,en.15.75.348.2008.7.10
173,en.3.390.295.2007.9.6
173,en.3.414.233.2007.12.27
173,en.15.218.180.2007.11.3
173,en.15.80.367.2008.8.15
173,en.3.400.130.2007.10.26
173,en.3.361.75.2010.4.29
173,en.3.358.277.1970.1.1
173,en.3.407.325.2007.11.27
173,en.15.228.480.2007.12.18
173,en.15.253.116.2008.3.24
173,en.15.80.47.2008.8.14
173,en.15.81.221.2008.8.23
173,en.15.238.81.2008.1.30
173,en.15.110.157.2009.3.27
173,en.3.366.283.2010.5.26
173,en.3.373.135.2007.6.11
173,en.15.62.458.2008.4.18
173,en.15.220.213.2007.11.8
173,en.15.218.174.2007.11.3
173,en.15.209.7.2007.9.25
173,en.15.227.225.2007.12.12
173,en.3.400.398.2007.10.25
173,en.15.216.187.2007.10.23
173,en.15.250.160.2008.3.12
173,en.2.278.374.2009.8.26
173,en.2.289.413.2009.11.14
173,en.3.384.116.2007.8.7
173,en.15.60.324.2008.4.10
173,en.15.59.425.2008.4.9
173,en.15.243.226.2008.2.17
173,en.2.319.295.2010.6.3
173,en.3.361.381.2010.4.29
173,en.15.246.275.2008.2.29
173,en.3.393.302.2007.9.24
173,en.15.245.214.2008.2.26
173,en.15.252.424.2008.3.23
173,en.3.406.88.2007.11.21
173,en.15.72.103.2008.6.23
173,en.15.74.418.2008.7.5
173,en.3.388.451.2007.8.30
173,en.15.253.398.2008.3.26
173,en.13.55.43.2010.5.21
173,en.15.72.477.2008.6.18
173,en.2.282.410.2009.9.18
173,en.13.55.211.2010.5.21
173,en.15.245.22.2008.2.25
173,en.15.255.454.2008.3.31
173,en.3.355.379.2010.3.22
173,en.15.79.237.2008.8.8
174,en.2.291.229.2009.12.3
174,en.15.60.38.2008.4.11
174,en.2.262.318.2009.5.12
174,en.15.244.36.2008.2.22
174,en.15.102.397.2008.12.23
174,en.15.238.192.2008.1.29
174,en.15.110.254.2009.3.24
174,en.15.245.19.2008.2.25
174,en.15.119.21.2009.4.13
174,en.15.128.197.2009.6.7
174,en.15.130.119.2009.6.15
174,en.3.373.258.2007.6.9
174,en.2.261.100.2009.5.5
174,en.15.105.23.2009.1.19
174,en.15.114.207.2009.3.4
174,en.15.147.38.2009.10.2
174,en.15.232.106.2008.1.4
174,en.3.401.87.2007.10.30
174,en.15.73.424.2008.6.25
174,en.15.240.208.2008.2.7
174,en.15.237.79.2008.1.25
174,en.15.115.418.2009.2.12
174,en.15.109.60.2009.4.1
174,en.15.130.237.2009.6.15
174,en.2.262.104.2009.5.11
174,en.15.104.248.2009.1.9
174,en.15.109.420.2009.3.31
174,en.15.232.54.2008.1.5
174,en.15.115.88.2009.2.12
174,en.15.106.477.2009.1.22
174,en.15.100.490.2008.12.12
174,en.15.115.468.2009.2.12
174,en.2.271.481.2009.7.8
174,en.3.334.419.2009.11.7
174,en.15.104.246.2009.1.11
174,en.15.232.146.2008.1.3
174,en.13.8.374.2009.7.10
174,en.15.84.54.2008.9.14
174,en.15.82.371.2008.9.1
174,en.15.65.241.2008.5.2
174,en.3.333.137.2009.10.29
174,en.13.3.230.2009.6.14
174,en.15.113.375.2009.3.7
174,en.15.154.236.2009.11.27
174,en.3.322.399.2009.8.9
174,en.3.322.82.2009.8.9
174,en.15.100.40.2008.12.10
174,en.15.65.130.2008.5.4
174,en.15.130.347.2009.6.16
174,en.2.278.67.2009.8.27
175,en.2.289.84.2009.11.16
175,en.15.86.348.2008.9.27
175,en.15.167.96.2010.2.24
175,en.2.289.107.2009.11.13
175,en.15.167.438.2010.2.25
175,en.13.26.310.2009.11.12
175,en.2.282.232.2009.9.17
175,en.2.289.491.2009.11.14
175,en.3.326.276.2009.9.6
175,en.3.397.461.2007.10.10
175,en.15.151.4.2009.11.1
175,en.3.320.254.2009.7.31
175,en.15.151.357.2009.10.30
175,en.15.148.181.2009.10.7
175,en.2.298.301.2010.1.26
175,en.15.248.219.2008.3.5
175,en.15.90.340.2008.10.17
175,en.15.75.183.2008.7.14
175,en.2.296.349.2010.1.18
175,en.15.167.441.2010.2.26
175,en.3.363.277.2010.5.9
175,en.15.167.130.2010.2.24
175,en.2.296.454.2010.1.20
175,en.15.172.285.2010.3.25
175,en.15.91.289.2008.10.24
175,en.2.296.347.2010.1.18
175,en.2.289.190.2009.11.16
175,en.15.232.77.2008.1.4
175,en.3.360.316.2010.4.24
175,en.15.172.58.2010.3.28
175,en.15.194.354.2007.7.5
175,en.2.279.121.2009.8.31
175,en.2.282.237.2009.9.17
175,en.2.289.338.2009.11.14
175,en.2.289.75.2009.11.14
175,en.13.51.21.2010.5.3
175,en.2.296.484.2010.1.18
175,en.15.161.238.2010.1.20
175,en.2.289.449.2009.11.16
175,en.13.8.285.2009.7.16
175,en.3.360.46.2010.4.23
175,en.3.360.252.2010.4.22
175,en.3.329.71.2009.9.25
175,en.15.79.21.2008.8.13
175,en.15.161.245.2010.1.21
175,en.15.167.175.2010.2.24
175,en.15.94.39.2008.11.7
175,en.3.350.499.2010.2.18
175,en.15.89.185.2008.10.14
175,en.15.139.272.2009.8.12
