Query_ID,Document_ID
126,en.3.326.80.2009.9.5
126,en.15.151.464.2009.11.4
126,en.15.151.254.2009.11.4
126,en.15.147.229.2009.10.6
126,en.3.333.11.2009.10.24
126,en.2.268.455.2009.6.18
126,en.3.331.84.2009.10.10
126,en.13.1.53.2009.5.31
126,en.15.123.179.2009.5.8
126,en.15.190.281.2007.6.13
126,en.15.124.268.2009.5.15
126,en.3.329.19.2009.9.22
126,en.15.62.289.2008.4.18
126,en.15.220.33.2007.11.10
126,en.15.125.499.2009.5.19
126,en.15.151.83.2009.10.31
126,en.15.123.14.2009.5.8
126,en.3.350.209.2010.2.18
126,en.3.326.381.2009.9.2
126,en.3.326.176.2009.9.4
126,en.3.322.338.2009.8.7
126,en.3.366.412.2010.5.26
126,en.2.281.34.2009.9.11
126,en.13.10.19.2009.7.30
126,en.13.25.215.2009.11.8
126,en.15.121.129.2009.4.28
126,en.3.331.451.2009.10.12
126,en.15.148.481.2009.10.7
126,en.15.190.464.2007.6.14
126,en.15.151.98.2009.11.3
126,en.15.61.311.2008.4.15
126,en.2.278.125.2009.8.27
126,en.3.322.206.2009.8.7
126,en.3.414.4.2007.12.29
126,en.3.326.54.2009.9.4
126,en.15.125.170.2009.5.21
126,en.13.27.84.2009.11.19
126,en.2.298.336.2010.1.26
126,en.15.139.92.2009.8.10
126,en.3.326.205.2009.9.2
126,en.13.8.362.2009.7.16
126,en.13.27.301.2009.11.20
126,en.13.25.179.2009.11.8
126,en.15.236.362.2008.1.23
126,en.13.8.152.2009.7.16
126,en.13.3.65.2009.6.12
126,en.15.237.374.2008.1.28
126,en.3.343.92.2010.1.12
126,en.2.260.436.2009.5.1
126,en.3.332.379.2009.10.22
127,en.15.103.297.2009.1.4
127,en.15.156.46.2009.12.11
127,en.15.81.218.2008.8.22
127,en.15.167.44.2010.2.23
127,en.3.348.163.2010.2.6
127,en.15.97.362.2008.11.22
127,en.15.229.78.2007.12.19
127,en.15.232.156.2008.1.3
127,en.15.90.391.2008.10.16
127,en.3.389.60.2007.9.3
127,en.15.80.275.2008.8.18
127,en.15.167.10.2010.2.23
127,en.15.85.24.2008.9.19
127,en.15.243.471.2008.2.19
127,en.15.148.130.2009.10.7
127,en.15.112.251.2009.3.16
127,en.15.98.499.2008.11.26
127,en.15.114.242.2009.3.6
127,en.15.244.87.2008.2.22
127,en.15.80.187.2008.8.15
127,en.15.112.286.2009.3.17
127,en.15.240.131.2008.2.7
127,en.3.359.491.2010.4.16
127,en.3.379.181.2007.7.11
127,en.15.77.117.2008.7.28
127,en.3.374.90.2007.6.14
127,en.2.279.494.2009.8.31
127,en.3.350.183.2010.2.19
127,en.15.147.9.2009.10.1
127,en.13.27.271.2009.11.20
127,en.15.172.67.2010.3.27
127,en.15.132.109.2009.7.1
127,en.15.139.423.2009.8.13
127,en.3.379.347.2007.7.10
127,en.15.104.269.2009.1.7
127,en.15.63.120.2008.4.24
127,en.15.119.455.2009.4.13
127,en.15.65.245.2008.5.7
127,en.15.86.465.2008.9.26
127,en.13.31.113.2010.1.3
127,en.15.80.422.2008.8.15
127,en.3.347.204.2010.2.1
127,en.15.93.226.2008.11.3
127,en.15.86.478.2008.9.24
127,en.3.381.157.2007.7.24
127,en.15.249.220.2008.3.10
127,en.3.348.125.2010.2.6
127,en.3.322.495.2009.8.7
127,en.15.78.217.2008.8.2
127,en.15.234.160.2008.1.15
128,en.15.206.323.2007.8.31
128,en.15.80.116.2008.8.18
128,en.3.333.443.2009.10.28
128,en.15.86.41.2008.9.26
128,en.2.291.112.2009.11.30
128,en.3.389.34.2007.9.5
128,en.15.202.379.2007.8.14
128,en.2.258.201.2009.4.22
128,en.15.91.424.2008.10.23
128,en.13.55.72.2010.5.23
128,en.3.375.20.2007.6.18
128,en.2.268.82.2009.6.23
128,en.15.179.68.2010.5.4
128,en.13.10.25.2009.7.29
128,en.13.41.376.2010.3.1
128,en.15.215.487.2007.10.22
128,en.15.140.216.2009.8.22
128,en.3.383.368.2007.8.1
128,en.13.30.67.2009.12.25
128,en.15.254.371.2008.3.27
128,en.13.59.270.2010.6.11
128,en.15.160.286.2010.1.15
128,en.15.64.298.2008.4.28
128,en.15.254.465.2008.3.28
128,en.15.84.374.2008.9.14
128,en.15.87.151.2008.10.2
128,en.3.388.266.2007.8.31
128,en.15.107.10.2009.1.29
128,en.3.333.262.1970.1.1
128,en.15.229.13.2007.12.24
128,en.15.156.382.2009.12.11
128,en.3.379.395.2007.7.9
128,en.3.383.474.2007.8.1
128,en.15.140.182.2009.8.22
128,en.15.61.361.2008.4.14
128,en.15.115.3.2009.2.14
128,en.13.5.480.2009.6.23
128,en.13.31.487.2010.1.2
128,en.15.61.167.2008.4.14
128,en.3.382.296.2007.7.29
128,en.13.31.6.2009.12.31
128,en.3.331.231.2009.10.9
128,en.15.85.74.2008.9.20
128,en.3.378.471.2007.7.8
128,en.15.61.104.2008.4.15
128,en.15.194.152.2007.7.3
128,en.15.62.213.2008.4.21
128,en.2.320.122.2010.6.12
128,en.15.249.124.2008.3.12
128,en.3.333.379.2009.10.25
129,en.3.333.336.2009.10.23
129,en.15.132.155.2009.7.1
129,en.15.139.473.2009.8.12
129,en.15.141.445.2009.8.29
129,en.15.132.102.2009.6.28
129,en.15.132.153.2009.6.28
129,en.15.132.364.2009.6.28
129,en.2.271.392.2009.7.8
129,en.15.136.376.2009.7.25
129,en.15.132.108.2009.6.28
129,en.2.298.269.1970.1.1
129,en.2.271.202.2009.7.8
129,en.15.132.246.2009.6.26
129,en.3.331.310.2009.10.13
129,en.15.132.195.2009.6.26
129,en.3.333.197.2009.10.27
129,en.3.331.99.2009.10.12
129,en.13.8.68.2009.7.11
129,en.2.270.162.2009.7.2
129,en.3.326.269.2009.9.4
129,en.2.275.146.2009.8.6
129,en.2.277.462.2009.8.18
129,en.2.271.301.2009.7.8
129,en.2.271.315.2009.7.9
129,en.15.136.428.2009.7.22
129,en.15.132.117.2009.7.1
129,en.2.270.112.2009.7.5
129,en.13.10.280.2009.7.29
129,en.15.132.317.2009.6.26
129,en.15.132.476.2009.6.26
129,en.3.327.392.2009.9.12
129,en.2.270.133.2009.7.3
129,en.3.329.29.2009.9.25
129,en.13.55.2.2010.5.24
129,en.2.271.199.2009.7.10
129,en.15.132.99.2009.6.30
129,en.2.305.365.2010.3.16
129,en.3.326.443.2009.9.4
129,en.15.132.44.2009.6.26
129,en.15.140.5.2009.8.22
129,en.2.275.340.2009.8.4
129,en.2.275.213.2009.8.4
129,en.2.271.406.2009.7.7
129,en.13.8.466.2009.7.11
129,en.15.132.424.2009.6.28
129,en.2.279.199.2009.8.29
129,en.15.132.479.2009.6.26
129,en.2.281.481.2009.9.9
129,en.13.8.280.2009.7.16
129,en.15.132.54.2009.6.30
130,en.15.80.245.2008.8.19
130,en.3.356.369.2010.3.29
130,en.15.203.470.2007.8.21
130,en.15.105.185.2009.1.19
130,en.3.392.311.2007.9.19
130,en.3.417.161.2008.1.11
130,en.3.417.454.2008.1.11
130,en.2.289.482.2009.11.13
130,en.15.239.143.2008.2.3
130,en.15.68.138.2008.5.25
130,en.15.236.322.2008.1.23
130,en.2.277.265.2009.8.16
130,en.3.378.475.2007.7.9
130,en.15.69.149.2008.5.31
130,en.15.87.462.2008.10.3
130,en.15.87.282.2008.10.2
130,en.3.405.383.2007.11.18
130,en.3.353.329.2010.3.13
130,en.15.125.409.2009.5.21
130,en.15.88.85.2008.10.6
130,en.2.263.5.2009.5.24
130,en.3.408.68.2007.11.29
130,en.3.378.200.2007.7.7
130,en.15.87.232.2008.9.29
130,en.2.271.148.2009.7.9
130,en.15.108.50.2009.2.7
130,en.3.349.235.2010.2.18
130,en.3.347.348.2010.2.3
130,en.3.417.436.2008.1.9
130,en.15.132.26.2009.7.1
130,en.3.329.43.2009.9.23
130,en.15.227.285.2007.12.11
130,en.3.383.184.2007.8.4
130,en.3.392.476.2007.9.20
130,en.15.103.112.2008.12.31
130,en.15.92.280.2008.10.26
130,en.15.92.268.2008.10.26
130,en.15.187.325.2007.6.1
130,en.15.187.204.2007.6.3
130,en.15.96.127.2008.11.18
130,en.3.403.20.2007.11.6
130,en.3.406.166.2007.11.22
130,en.15.88.160.2008.10.6
130,en.3.347.7.2010.2.2
130,en.15.194.336.2007.7.5
130,en.15.70.285.2008.6.10
130,en.13.3.73.2009.6.12
130,en.15.62.51.2008.4.19
130,en.15.88.218.2008.10.5
130,en.15.96.150.2008.11.20
131,en.2.291.52.2009.12.3
131,en.15.110.465.2009.3.23
131,en.15.188.146.2007.6.6
131,en.3.356.120.2010.3.30
131,en.15.218.130.2007.11.2
131,en.15.68.363.2008.5.26
131,en.15.256.334.2008.4.8
131,en.15.235.418.2008.1.19
131,en.15.65.227.2008.5.4
131,en.15.225.473.2007.12.5
131,en.15.219.443.2007.11.4
131,en.15.106.22.2009.1.23
131,en.15.132.451.2009.6.26
131,en.15.204.115.2007.8.24
131,en.2.291.2.2009.11.27
131,en.15.239.210.2008.2.5
131,en.3.361.50.2010.4.28
131,en.3.394.277.2007.10.1
131,en.15.87.172.2008.10.4
131,en.15.209.167.2007.9.16
131,en.3.377.182.2007.6.30
131,en.15.237.47.2008.1.25
131,en.3.417.484.2008.1.8
131,en.15.188.33.2007.6.4
131,en.3.414.162.2007.12.30
131,en.3.419.190.2008.1.19
131,en.15.116.364.2009.2.20
131,en.3.401.415.2007.10.30
131,en.2.291.92.2009.12.1
131,en.15.154.242.2009.11.27
131,en.2.291.73.2009.11.30
131,en.13.31.98.2009.12.29
131,en.15.201.51.2007.8.11
131,en.13.59.310.2010.6.8
131,en.15.118.26.2009.4.3
131,en.13.59.51.2010.6.10
131,en.15.187.389.2007.6.1
131,en.15.246.155.2008.3.1
131,en.15.196.288.2007.7.14
131,en.15.204.46.2007.8.23
131,en.15.125.378.2009.5.22
131,en.15.181.356.2010.5.17
131,en.2.270.143.2009.7.5
131,en.3.343.197.2010.1.12
131,en.3.356.241.2010.4.3
131,en.15.204.311.2007.8.24
131,en.15.156.228.2009.12.18
131,en.15.220.22.2007.11.10
131,en.15.66.436.2008.5.13
131,en.3.407.59.2007.11.28
132,en.2.270.171.2009.7.6
132,en.15.94.56.2008.11.5
132,en.15.94.334.2008.11.6
132,en.2.317.70.2010.5.27
132,en.15.94.352.2008.11.5
132,en.15.96.379.2008.11.20
132,en.2.291.145.2009.12.4
132,en.13.25.470.2009.11.8
132,en.15.94.141.2008.11.5
132,en.15.123.196.2009.5.7
132,en.15.96.194.2008.11.20
132,en.15.247.124.2008.3.5
132,en.3.347.29.2010.2.3
132,en.2.260.399.2009.5.4
132,en.15.119.310.2009.4.15
132,en.3.349.333.2010.2.12
132,en.15.106.60.2009.1.21
132,en.15.105.288.2009.1.21
132,en.15.78.288.2008.8.4
132,en.13.3.257.2009.6.15
132,en.15.128.477.2009.6.4
132,en.3.417.47.2008.1.8
132,en.15.147.317.2009.10.3
132,en.15.90.424.2008.10.17
132,en.2.291.383.2009.12.2
132,en.15.83.225.2008.9.10
132,en.15.156.256.2009.12.17
132,en.15.156.248.2009.12.18
132,en.2.317.338.2010.5.27
132,en.2.317.447.2010.5.27
132,en.15.93.196.2008.11.4
132,en.15.94.135.2008.11.5
132,en.15.245.288.2008.2.26
132,en.15.252.151.2008.3.21
132,en.15.113.257.2009.3.15
132,en.13.3.187.2009.6.14
132,en.3.360.261.2010.4.26
132,en.15.94.125.2008.11.6
132,en.15.75.121.2008.7.10
132,en.15.121.109.2009.4.29
132,en.15.252.320.2008.3.23
132,en.15.128.54.2009.6.4
132,en.13.30.255.2009.12.24
132,en.15.91.201.2008.10.25
132,en.15.94.118.2008.11.5
132,en.15.128.186.2009.6.7
132,en.15.128.478.2009.6.6
132,en.15.94.393.2008.11.6
132,en.3.347.364.2010.2.1
132,en.15.151.199.2009.11.4
133,en.3.388.78.2007.8.29
133,en.15.203.83.2007.8.19
133,en.15.203.148.2007.8.21
133,en.3.373.433.2007.6.9
133,en.3.327.275.2009.9.12
133,en.15.111.124.2009.3.23
133,en.15.82.100.2008.9.3
133,en.3.388.171.2007.8.29
133,en.3.327.81.2009.9.11
133,en.2.264.403.2009.5.28
133,en.3.400.276.2007.10.27
133,en.13.53.265.2010.5.14
133,en.3.343.53.2010.1.13
133,en.15.228.244.2007.12.16
133,en.3.409.114.2007.12.6
133,en.2.281.127.2009.9.15
133,en.15.81.470.2008.8.25
133,en.15.81.332.2008.8.25
133,en.15.242.35.2008.2.15
133,en.15.106.500.2009.1.22
133,en.15.253.86.2008.3.24
133,en.15.124.220.2009.5.16
133,en.3.329.297.2009.9.26
133,en.3.392.227.2007.9.22
133,en.3.391.159.2007.9.15
133,en.15.139.352.2009.8.13
133,en.3.389.411.2007.9.1
133,en.15.184.48.2010.5.31
133,en.15.245.434.2008.2.25
133,en.3.391.281.2007.9.14
133,en.3.329.173.2009.9.22
133,en.3.392.180.2007.9.23
133,en.15.114.49.2009.3.1
133,en.3.391.225.2007.9.13
133,en.15.201.227.2007.8.9
133,en.2.298.280.2010.1.27
133,en.2.263.167.2009.5.23
133,en.3.397.320.2007.10.11
133,en.3.357.445.2010.4.8
133,en.15.123.75.2009.5.7
133,en.15.112.255.2009.3.10
133,en.15.243.14.2008.2.17
133,en.15.225.442.2007.12.6
133,en.15.225.62.2007.12.5
133,en.15.227.383.2007.12.11
133,en.15.194.459.2007.7.5
133,en.15.108.170.2009.2.2
133,en.15.97.335.2008.11.23
133,en.15.190.240.2007.6.14
133,en.15.95.111.2008.11.15
134,en.15.80.224.2008.8.17
134,en.15.238.387.2008.1.31
134,en.3.354.410.2010.3.17
134,en.3.414.446.2007.12.27
134,en.2.270.62.2009.7.4
134,en.15.93.371.2008.10.31
134,en.2.277.361.2009.8.20
134,en.15.76.337.2008.7.23
134,en.2.270.95.2009.7.3
134,en.2.271.310.2009.7.7
134,en.3.338.261.2009.12.6
134,en.2.270.457.2009.7.3
134,en.15.212.33.2007.10.5
134,en.15.239.78.2008.2.1
134,en.2.270.330.2009.7.3
134,en.2.270.14.2009.7.3
134,en.2.298.124.2010.1.28
134,en.3.405.412.2007.11.13
134,en.3.354.296.2010.3.18
134,en.15.91.306.2008.10.21
134,en.3.379.202.2007.7.10
134,en.15.93.495.2008.10.31
134,en.15.236.97.2008.1.23
134,en.15.228.491.2007.12.15
134,en.15.221.63.2007.11.13
134,en.3.390.421.2007.9.9
134,en.2.263.101.2009.5.24
134,en.3.390.239.2007.9.11
134,en.15.108.262.2009.2.6
134,en.3.389.464.2007.9.2
134,en.3.350.184.2010.2.20
134,en.2.260.352.2009.5.4
134,en.15.93.348.2008.11.1
134,en.3.395.211.2007.10.4
134,en.15.91.256.2008.10.21
134,en.15.91.295.2008.10.21
134,en.2.270.422.2009.7.4
134,en.15.93.108.2008.11.1
134,en.3.389.433.2007.9.3
134,en.15.91.187.2008.10.25
134,en.2.270.104.2009.7.5
134,en.15.105.262.2009.1.13
134,en.15.132.413.2009.6.28
134,en.3.357.95.2010.4.4
134,en.3.389.16.2007.9.3
134,en.3.353.452.2010.3.15
134,en.15.101.432.2008.12.16
134,en.3.389.282.2007.9.5
134,en.15.228.499.2007.12.18
134,en.13.10.139.2009.7.30
135,en.15.167.355.2010.2.24
135,en.15.81.143.2008.8.27
135,en.13.3.11.2009.6.10
135,en.2.320.200.2010.6.12
135,en.15.116.388.2009.2.15
135,en.15.67.174.2008.5.17
135,en.15.237.439.2008.1.26
135,en.15.117.153.2009.4.3
135,en.15.117.333.2009.4.3
135,en.15.67.394.2008.5.19
135,en.2.271.101.2009.7.9
135,en.15.115.414.2009.2.27
135,en.2.270.44.2009.7.2
135,en.15.84.286.2008.9.15
135,en.15.188.491.2007.6.5
135,en.15.70.480.2008.6.9
135,en.13.3.33.2009.6.11
135,en.13.3.94.2009.6.10
135,en.13.59.108.2010.6.10
135,en.15.70.88.2008.6.10
135,en.13.59.322.2010.6.10
135,en.15.70.462.2008.6.9
135,en.15.70.494.2008.6.6
135,en.15.70.265.2008.6.10
135,en.2.281.220.2009.9.13
135,en.15.188.251.2007.6.4
135,en.15.187.195.2007.5.30
135,en.15.74.347.2008.6.30
135,en.15.71.210.2008.6.14
135,en.15.123.73.2009.5.9
135,en.13.3.367.2009.6.12
135,en.15.70.122.2008.6.9
135,en.15.72.10.2008.6.18
135,en.13.59.377.2010.6.9
135,en.15.251.406.2008.3.17
135,en.15.256.239.2008.4.8
135,en.15.237.139.2008.1.24
135,en.13.59.460.2010.6.10
135,en.2.281.87.2009.9.13
135,en.13.3.277.2009.6.11
135,en.13.3.166.2009.6.11
135,en.2.319.429.2010.6.7
135,en.15.70.422.2008.6.10
135,en.3.374.411.2007.6.14
135,en.2.319.115.2010.6.7
135,en.3.359.142.2010.4.17
135,en.2.264.388.2009.5.26
135,en.15.125.74.2009.5.21
135,en.13.8.430.2009.7.16
135,en.15.132.327.2009.6.30
136,en.15.88.185.2008.10.5
136,en.15.105.414.2009.1.20
136,en.15.188.366.2007.6.7
136,en.3.358.101.2010.4.13
136,en.3.357.206.2010.4.7
136,en.3.383.150.2007.8.6
136,en.3.408.285.2007.12.2
136,en.13.27.34.2009.11.22
136,en.2.275.238.2009.8.4
136,en.2.268.301.2009.6.19
136,en.3.373.409.2007.6.11
136,en.3.359.38.2010.4.20
136,en.15.73.262.2008.6.29
136,en.15.243.186.2008.2.17
136,en.15.210.278.2007.9.28
136,en.15.119.329.2009.4.14
136,en.2.258.148.2009.4.20
136,en.2.283.225.2009.9.30
136,en.15.89.104.2008.10.14
136,en.15.76.436.2008.7.17
136,en.3.407.53.2007.11.25
136,en.3.403.111.2007.11.5
136,en.15.123.444.2009.5.7
136,en.15.100.277.2008.12.12
136,en.15.244.246.2008.2.20
136,en.15.246.391.2008.2.29
136,en.15.242.184.2008.2.13
136,en.13.41.263.2010.3.2
136,en.15.115.13.2009.2.12
136,en.2.291.13.2009.12.3
136,en.3.401.452.2007.10.30
136,en.15.97.103.2008.11.21
136,en.15.147.99.2009.10.6
136,en.13.1.289.2009.6.2
136,en.3.349.192.2010.2.15
136,en.15.104.436.2009.1.10
136,en.3.354.497.2010.3.19
136,en.15.204.493.2007.8.23
136,en.15.219.202.2007.11.4
136,en.15.251.58.2008.3.19
136,en.13.31.71.2010.1.2
136,en.2.278.335.2009.8.25
136,en.15.87.127.2008.10.2
136,en.3.332.291.2009.10.15
136,en.15.188.146.2007.6.6
136,en.15.256.445.2008.4.8
136,en.3.403.55.2007.11.7
136,en.15.76.461.2008.7.17
136,en.15.132.44.2009.6.26
136,en.3.378.175.2007.7.8
137,en.15.125.486.2009.5.19
137,en.2.263.424.2009.5.25
137,en.15.103.150.2009.1.1
137,en.15.102.178.2008.12.22
137,en.15.123.67.2009.5.6
137,en.15.106.213.2009.1.26
137,en.15.121.263.2009.4.24
137,en.3.414.93.2007.12.30
137,en.2.258.493.2009.4.21
137,en.15.121.97.2009.4.27
137,en.15.125.313.2009.5.18
137,en.13.1.417.2009.6.2
137,en.13.1.370.2009.6.2
137,en.15.121.11.2009.4.26
137,en.15.100.72.2008.12.15
137,en.15.210.471.2007.9.30
137,en.2.260.218.2009.5.2
137,en.15.105.44.2009.1.21
137,en.15.121.46.2009.4.26
137,en.15.109.150.2009.3.31
137,en.15.107.373.2009.1.29
137,en.15.119.5.2009.4.12
137,en.15.104.427.2009.1.6
137,en.15.97.256.2008.11.26
137,en.15.121.291.2009.4.26
137,en.3.322.136.2009.8.7
137,en.2.262.235.2009.5.11
137,en.2.258.93.2009.4.22
137,en.15.104.74.2009.1.7
137,en.15.115.12.2009.2.11
137,en.2.262.259.2009.5.11
137,en.2.262.450.2009.5.14
137,en.2.258.425.2009.4.21
137,en.15.125.410.2009.5.18
137,en.2.258.150.2009.4.22
137,en.15.107.168.2009.1.30
137,en.15.116.380.2009.2.19
137,en.2.262.114.2009.5.14
137,en.15.102.94.2008.12.23
137,en.15.107.312.2009.1.30
137,en.15.80.372.2008.8.19
137,en.15.101.428.2008.12.21
137,en.15.118.304.2009.4.7
137,en.15.96.460.2008.11.16
137,en.15.118.392.2009.4.7
137,en.15.255.369.2008.4.6
137,en.15.125.134.2009.5.19
137,en.3.322.329.2009.8.7
137,en.15.96.482.2008.11.18
137,en.15.125.347.2009.5.19
138,en.15.234.168.2008.1.14
138,en.15.113.375.2009.3.7
138,en.15.235.197.2008.1.16
138,en.15.240.130.2008.2.8
138,en.15.116.456.2009.2.16
138,en.15.110.100.2009.3.29
138,en.2.277.307.2009.8.19
138,en.15.147.144.2009.10.5
138,en.15.140.464.2009.8.23
138,en.2.266.240.2009.6.9
138,en.15.227.461.2007.12.13
138,en.15.227.177.2007.12.12
138,en.15.228.387.2007.12.15
138,en.3.410.130.2007.12.8
138,en.15.135.111.2009.7.19
138,en.15.235.414.2008.1.19
138,en.15.116.210.2009.2.16
138,en.15.117.328.2009.2.24
138,en.15.172.475.2010.3.26
138,en.15.238.473.2008.1.30
138,en.15.86.180.2008.9.27
138,en.15.237.21.2008.1.26
138,en.15.78.435.2008.8.2
138,en.15.69.195.2008.5.30
138,en.15.98.471.2008.11.30
138,en.15.125.120.2009.5.21
138,en.15.167.62.2010.2.22
138,en.15.73.248.2008.6.27
138,en.2.271.101.2009.7.9
138,en.15.201.359.2007.8.10
138,en.3.381.449.2007.7.25
138,en.15.81.143.2008.8.27
138,en.15.202.137.2007.8.15
138,en.15.101.172.2008.12.19
138,en.3.391.374.2007.9.12
138,en.3.385.425.2007.8.17
138,en.15.248.173.2008.3.6
138,en.15.89.265.2008.10.14
138,en.15.218.194.2007.11.2
138,en.15.204.40.2007.8.24
138,en.15.237.439.2008.1.26
138,en.15.139.349.2009.8.10
138,en.15.229.347.2007.12.24
138,en.15.231.56.2008.1.1
138,en.15.242.237.2008.2.13
138,en.15.203.153.2007.8.21
138,en.3.381.479.2007.7.20
138,en.15.114.53.2009.3.5
138,en.15.245.246.2008.2.26
138,en.15.111.354.2009.3.21
139,en.15.160.247.2010.1.14
139,en.15.120.141.2009.4.22
139,en.3.376.8.2007.6.25
139,en.15.64.405.2008.4.27
139,en.15.123.145.2009.5.6
139,en.15.100.152.2008.12.13
139,en.15.204.493.2007.8.23
139,en.15.119.263.2009.4.13
139,en.15.100.62.2008.12.14
139,en.15.119.206.2009.4.16
139,en.15.97.129.2008.11.21
139,en.15.96.12.2008.11.18
139,en.15.98.426.2008.12.1
139,en.3.357.467.2010.4.5
139,en.13.31.149.2009.12.29
139,en.15.125.260.2009.5.19
139,en.15.96.161.2008.11.19
139,en.3.333.142.2009.10.28
139,en.15.100.35.2008.12.11
139,en.3.403.111.2007.11.5
139,en.15.151.306.2009.10.31
139,en.15.119.440.2009.4.16
139,en.13.31.249.2009.12.27
139,en.2.298.321.2010.1.28
139,en.3.357.494.2010.4.6
139,en.2.258.408.2009.4.22
139,en.15.118.408.2009.4.5
139,en.2.296.318.2010.1.18
139,en.15.101.11.2008.12.16
139,en.2.258.437.2009.4.19
139,en.13.3.421.2009.6.11
139,en.13.31.8.2009.12.30
139,en.3.347.198.2010.2.2
139,en.15.97.191.2008.11.25
139,en.15.97.11.2008.11.24
139,en.15.119.466.2009.4.12
139,en.15.119.265.2009.4.10
139,en.15.119.306.2009.4.10
139,en.15.119.94.2009.4.10
139,en.15.119.399.2009.4.14
139,en.15.100.361.2008.12.14
139,en.15.119.432.2009.4.13
139,en.15.121.221.2009.4.29
139,en.15.87.96.2008.9.30
139,en.2.275.454.2009.8.3
139,en.15.108.470.2009.2.5
139,en.2.258.429.2009.4.21
139,en.15.119.10.2009.4.12
139,en.15.63.6.2008.4.21
139,en.15.103.119.2009.1.2
140,en.3.348.411.2010.2.7
140,en.15.187.496.2007.6.2
140,en.15.77.499.2008.7.29
140,en.15.95.441.2008.11.15
140,en.3.406.268.2007.11.23
140,en.15.254.438.2008.3.27
140,en.15.95.343.2008.11.14
140,en.3.331.272.2009.10.11
140,en.15.216.199.2007.10.23
140,en.15.250.288.2008.3.16
140,en.15.91.116.2008.10.22
140,en.15.85.191.2008.9.19
140,en.3.331.402.2009.10.11
140,en.2.283.225.2009.9.30
140,en.15.186.159.2007.5.28
140,en.3.383.94.2007.8.1
140,en.15.91.421.2008.10.21
140,en.15.101.122.2008.12.17
140,en.2.289.31.2009.11.14
140,en.3.329.411.2009.9.26
140,en.15.244.281.2008.2.21
140,en.15.139.35.2009.8.11
140,en.3.348.173.2010.2.7
140,en.3.331.405.2009.10.10
140,en.3.400.227.2007.10.23
140,en.2.278.463.2009.8.25
140,en.15.201.103.2007.8.11
140,en.15.255.379.2008.4.4
140,en.15.91.296.2008.10.22
140,en.15.240.303.2008.2.8
140,en.15.210.81.2007.9.29
140,en.15.249.144.2008.3.11
140,en.3.329.1.1970.1.1
140,en.15.249.489.2008.3.12
140,en.15.69.217.2008.6.1
140,en.15.229.160.2007.12.25
140,en.2.281.250.2009.9.9
140,en.15.113.425.2009.3.6
140,en.3.373.403.2007.6.11
140,en.15.87.196.2008.9.30
140,en.15.85.495.2008.9.19
140,en.3.403.232.2007.11.7
140,en.15.86.455.2008.9.28
140,en.15.87.384.2008.9.29
140,en.15.86.201.2008.9.28
140,en.15.87.31.2008.9.28
140,en.15.95.140.2008.11.11
140,en.2.275.346.2009.8.4
140,en.15.89.221.2008.10.12
140,en.15.112.293.2009.3.13
141,en.15.71.297.2008.6.16
141,en.3.381.311.2007.7.24
141,en.15.235.70.2008.1.16
141,en.13.27.10.2009.11.19
141,en.15.77.413.2008.7.25
141,en.15.139.118.2009.8.10
141,en.3.375.126.2007.6.19
141,en.15.253.29.2008.3.26
141,en.15.71.215.2008.6.13
141,en.15.93.446.2008.11.1
141,en.3.392.257.2007.9.21
141,en.15.106.428.2009.1.27
141,en.15.65.106.2008.5.6
141,en.15.253.167.2008.3.26
141,en.3.347.368.2010.2.4
141,en.13.31.274.2010.1.1
141,en.15.92.188.2008.10.30
141,en.15.204.422.2007.8.24
141,en.3.381.204.2007.7.25
141,en.3.403.178.2007.11.6
141,en.15.72.436.2008.6.22
141,en.15.235.83.2008.1.16
141,en.15.85.405.2008.9.19
141,en.15.188.64.2007.6.7
141,en.15.188.262.2007.6.7
141,en.15.114.350.2009.3.4
141,en.2.260.235.2009.5.4
141,en.3.384.264.2007.8.7
141,en.15.74.328.2008.7.6
141,en.3.380.267.2007.7.19
141,en.3.378.226.2007.7.9
141,en.15.71.491.2008.6.13
141,en.15.100.474.2008.12.12
141,en.15.210.291.2007.9.26
141,en.15.235.50.2008.1.16
141,en.15.90.306.2008.10.15
141,en.15.62.334.2008.4.19
141,en.3.381.345.2007.7.25
141,en.15.111.401.2009.3.18
141,en.15.125.421.2009.5.20
141,en.3.390.241.2007.9.7
141,en.15.243.366.2008.2.18
141,en.15.231.415.2008.1.1
141,en.15.76.428.2008.7.17
141,en.13.10.141.2009.7.28
141,en.3.373.91.2007.6.12
141,en.3.403.318.2007.11.5
141,en.15.225.436.2007.12.4
141,en.15.84.63.2008.9.14
141,en.15.167.53.2010.2.27
142,en.3.329.157.2009.9.20
142,en.2.291.12.2009.11.30
142,en.3.406.134.2007.11.20
142,en.13.31.457.2009.12.27
142,en.15.212.454.2007.10.8
142,en.3.419.119.2008.1.18
142,en.15.218.61.2007.11.1
142,en.15.106.99.2009.1.23
142,en.13.1.145.2009.5.31
142,en.15.63.363.2008.4.24
142,en.15.128.107.2009.6.5
142,en.13.8.153.2009.7.16
142,en.3.333.212.2009.10.27
142,en.3.354.372.2010.3.19
142,en.15.215.430.2007.10.20
142,en.15.156.79.2009.12.15
142,en.2.263.141.2009.5.26
142,en.15.187.8.2007.5.30
142,en.15.66.483.2008.5.10
142,en.3.406.389.2007.11.20
142,en.15.227.274.2007.12.11
142,en.3.406.422.2007.11.20
142,en.13.31.197.2009.12.28
142,en.15.248.461.2008.3.8
142,en.2.260.84.2009.5.2
142,en.15.71.357.2008.6.15
142,en.13.41.134.2010.3.1
142,en.13.41.324.2010.2.28
142,en.15.240.272.2008.2.8
142,en.3.359.94.2010.4.18
142,en.3.409.133.2007.12.6
142,en.15.107.34.2009.1.29
142,en.15.204.421.2007.8.27
142,en.15.91.398.2008.10.22
142,en.15.82.339.2008.9.1
142,en.15.203.433.2007.8.20
142,en.15.89.467.2008.10.14
142,en.3.407.199.2007.11.25
142,en.15.65.325.2008.5.3
142,en.2.319.306.2010.6.6
142,en.15.203.380.2007.8.20
142,en.15.104.420.2009.1.9
142,en.2.260.490.2009.5.3
142,en.15.136.348.2009.7.27
142,en.2.278.410.2009.8.26
142,en.15.97.189.2008.11.24
142,en.15.209.324.2007.9.26
142,en.15.225.27.2007.12.5
142,en.15.130.51.2009.6.15
142,en.3.348.212.2010.2.10
143,en.13.5.369.2009.6.23
143,en.15.135.12.2009.7.16
143,en.15.115.158.2009.2.27
143,en.15.88.269.2008.10.5
143,en.15.151.453.2009.11.2
143,en.15.86.181.2008.9.24
143,en.15.111.417.2009.3.18
143,en.15.88.461.2008.10.7
143,en.2.257.101.2009.4.9
143,en.15.156.275.2009.12.17
143,en.15.82.469.2008.9.3
143,en.15.87.66.2008.10.4
143,en.15.110.158.2009.3.24
143,en.15.119.126.2009.4.10
143,en.15.111.97.2009.3.23
143,en.15.128.137.2009.6.5
143,en.15.111.22.2009.3.20
143,en.15.83.19.2008.9.8
143,en.3.357.428.2010.4.8
143,en.15.85.199.2008.9.18
143,en.15.79.392.2008.8.7
143,en.15.88.93.2008.10.7
143,en.15.83.437.2008.9.10
143,en.3.417.395.2008.1.10
143,en.15.86.384.2008.9.26
143,en.15.247.72.2008.3.5
143,en.15.114.186.2009.3.4
143,en.15.110.271.2009.3.25
143,en.15.212.309.2007.10.4
143,en.3.417.402.2008.1.10
143,en.15.77.500.2008.7.25
143,en.13.26.221.2009.11.10
143,en.3.326.371.2009.9.6
143,en.15.245.36.2008.2.27
143,en.15.81.156.2008.8.27
143,en.15.83.316.2008.9.10
143,en.15.85.465.2008.9.18
143,en.15.167.119.2010.2.25
143,en.3.326.429.2009.9.1
143,en.15.84.464.2008.9.16
143,en.15.82.43.2008.8.29
143,en.15.82.152.2008.9.4
143,en.15.85.221.2008.9.21
143,en.15.244.369.2008.2.23
143,en.15.132.74.2009.6.28
143,en.3.381.271.2007.7.25
143,en.15.162.396.2010.1.24
143,en.15.231.466.2007.12.31
143,en.3.405.242.2007.11.13
143,en.15.84.46.2008.9.15
144,en.15.186.459.2007.5.29
144,en.2.319.331.2010.6.7
144,en.15.108.405.2009.2.3
144,en.15.254.257.2008.3.28
144,en.13.59.492.2010.6.8
144,en.13.59.461.2010.6.8
144,en.2.291.3.2009.12.3
144,en.15.88.25.2008.10.9
144,en.3.410.111.2007.12.9
144,en.15.241.492.2008.2.11
144,en.3.417.238.2008.1.10
144,en.15.239.15.2008.2.3
144,en.3.419.336.2008.1.18
144,en.15.220.48.2007.11.8
144,en.15.160.158.2010.1.14
144,en.15.156.288.2009.12.14
144,en.15.105.437.2009.1.12
144,en.15.104.229.2009.1.5
144,en.15.91.126.2008.10.21
144,en.15.231.36.2007.12.31
144,en.3.412.428.2007.12.18
144,en.15.92.197.2008.10.27
144,en.15.91.378.2008.10.23
144,en.2.258.375.2009.4.20
144,en.15.239.437.2008.2.3
144,en.15.249.51.2008.3.9
144,en.15.123.367.2009.5.7
144,en.15.234.259.2008.1.15
144,en.13.27.433.2009.11.20
144,en.15.103.64.2009.1.3
144,en.15.247.469.2008.3.5
144,en.15.151.383.2009.11.3
144,en.3.417.125.2008.1.9
144,en.15.105.71.2009.1.14
144,en.15.104.277.2009.1.9
144,en.15.104.208.2009.1.10
144,en.15.88.156.2008.10.8
144,en.15.105.465.2009.1.20
144,en.15.104.355.2009.1.6
144,en.15.104.349.2009.1.9
144,en.15.81.269.2008.8.23
144,en.15.241.322.2008.2.11
144,en.2.282.382.2009.9.16
144,en.3.395.496.2007.10.3
144,en.3.405.76.2007.11.18
144,en.3.397.169.2007.10.10
144,en.2.275.350.2009.8.2
144,en.3.384.76.2007.8.6
144,en.15.104.291.2009.1.11
144,en.3.332.302.2009.10.15
145,en.3.414.484.2007.12.27
145,en.3.391.173.2007.9.14
145,en.3.395.14.2007.10.2
145,en.3.414.89.2007.12.28
145,en.15.101.118.2008.12.20
145,en.15.220.13.2007.11.10
145,en.3.382.172.2007.7.28
145,en.3.395.90.2007.10.3
145,en.3.405.211.2007.11.14
145,en.15.220.237.2007.11.10
145,en.3.398.91.2007.10.17
145,en.3.414.448.2007.12.28
145,en.3.414.410.2007.12.28
145,en.3.414.383.2007.12.28
145,en.15.118.248.2009.4.4
145,en.3.416.58.2008.1.7
145,en.15.72.107.2008.6.21
145,en.3.414.360.2007.12.27
145,en.15.243.192.2008.2.18
145,en.3.389.471.2007.9.1
145,en.15.212.172.2007.10.6
145,en.15.219.123.2007.11.4
145,en.3.414.303.2007.12.28
145,en.15.231.13.2007.12.31
145,en.3.391.175.2007.9.14
145,en.15.240.54.2008.2.7
145,en.3.398.94.2007.10.19
145,en.3.395.355.2007.10.3
145,en.15.231.400.2008.1.2
145,en.15.243.379.2008.2.18
145,en.3.391.17.2007.9.14
145,en.3.398.391.2007.10.19
145,en.15.102.390.2008.12.27
145,en.3.398.279.2007.10.18
145,en.3.414.489.2007.12.27
145,en.3.414.242.2007.12.27
145,en.15.231.451.2008.1.1
145,en.3.414.239.2007.12.27
145,en.3.398.92.2007.10.19
145,en.15.220.386.2007.11.9
145,en.3.398.295.2007.10.18
145,en.3.414.167.2007.12.28
145,en.3.389.485.2007.9.1
145,en.15.240.389.2008.2.7
145,en.3.414.271.2007.12.27
145,en.15.240.80.2008.2.7
145,en.3.403.339.2007.11.6
145,en.15.231.459.2008.1.2
145,en.15.83.427.2008.9.6
145,en.15.83.69.2008.9.6
146,en.15.232.156.2008.1.3
146,en.15.78.140.2008.8.3
146,en.2.258.234.2009.4.22
146,en.15.241.233.2008.2.12
146,en.15.241.468.2008.2.12
146,en.15.240.142.2008.2.6
146,en.15.241.392.2008.2.12
146,en.13.27.120.2009.11.19
146,en.3.384.452.2007.8.8
146,en.15.236.59.2008.1.22
146,en.15.81.27.2008.8.28
146,en.15.156.95.2009.12.17
146,en.15.243.80.2008.2.19
146,en.3.380.347.2007.7.20
146,en.3.383.163.2007.8.2
146,en.3.417.27.2008.1.8
146,en.2.289.269.2009.11.18
146,en.13.27.365.2009.11.19
146,en.15.255.435.2008.4.4
146,en.2.262.344.2009.5.13
146,en.13.27.162.2009.11.19
146,en.15.111.302.2009.3.20
146,en.15.255.141.2008.3.31
146,en.3.410.293.2007.12.9
146,en.3.383.491.2007.8.2
146,en.13.27.143.2009.11.19
146,en.13.25.162.2009.11.8
146,en.15.115.360.2009.2.25
146,en.3.393.213.2007.9.24
146,en.15.65.371.2008.5.7
146,en.2.289.73.2009.11.18
146,en.15.93.186.2008.11.3
146,en.3.392.56.2007.9.19
146,en.15.246.234.2008.2.28
146,en.13.27.423.2009.11.20
146,en.15.194.278.2007.7.3
146,en.3.383.40.2007.8.2
146,en.3.379.435.2007.7.11
146,en.3.391.96.2007.9.15
146,en.15.115.62.2009.2.14
146,en.3.383.349.2007.8.2
146,en.3.363.405.2010.5.6
146,en.15.250.104.2008.3.13
146,en.2.291.76.2009.12.3
146,en.13.51.292.2010.5.2
146,en.15.251.204.2008.3.18
146,en.13.1.345.2009.6.1
146,en.3.388.206.2007.8.29
146,en.3.390.368.2007.9.6
146,en.15.253.154.2008.3.25
147,en.3.403.446.2007.11.5
147,en.3.403.127.2007.11.5
147,en.15.102.194.2008.12.25
147,en.15.167.260.2010.2.23
147,en.15.75.119.2008.7.15
147,en.15.176.255.2010.4.23
147,en.3.357.159.2010.4.10
147,en.15.255.427.2008.4.3
147,en.3.355.134.2010.3.22
147,en.13.30.452.2009.12.22
147,en.15.188.313.2007.6.6
147,en.15.181.333.2010.5.19
147,en.3.354.80.2010.3.18
147,en.3.397.458.2007.10.10
147,en.15.209.319.2007.9.24
147,en.3.338.459.2009.12.6
147,en.15.118.293.2009.4.8
147,en.15.232.262.2008.1.4
147,en.3.356.243.2010.3.30
147,en.3.332.468.2009.10.15
147,en.3.329.340.2009.9.23
147,en.15.109.479.2009.3.31
147,en.3.338.491.2009.12.6
147,en.15.256.386.2008.4.8
147,en.3.354.346.2010.3.20
147,en.15.241.321.2008.2.10
147,en.15.184.289.2010.5.31
147,en.3.374.471.2007.6.16
147,en.3.332.447.2009.10.22
147,en.3.395.278.2007.10.3
147,en.15.236.137.2008.1.23
147,en.2.281.316.2009.9.15
147,en.15.218.466.2007.11.2
147,en.13.41.18.2010.3.1
147,en.3.347.45.2010.2.3
147,en.15.101.139.2008.12.22
147,en.2.283.110.2009.9.29
147,en.15.111.348.2009.3.23
147,en.15.111.156.2009.3.20
147,en.15.242.449.2008.2.14
147,en.15.117.32.2009.2.24
147,en.15.245.165.2008.2.27
147,en.15.91.268.2008.10.24
147,en.15.68.158.2008.5.25
147,en.15.111.56.2009.3.23
147,en.15.251.29.2008.3.18
147,en.15.232.300.2008.1.5
147,en.15.79.39.2008.8.7
147,en.15.124.499.2009.5.15
147,en.15.184.41.2010.5.31
148,en.3.347.413.2010.2.5
148,en.15.92.355.2008.10.30
148,en.15.184.146.2010.5.30
148,en.15.123.98.2009.5.10
148,en.3.333.71.2009.10.28
148,en.15.245.345.2008.2.26
148,en.2.319.119.2010.6.5
148,en.3.383.153.2007.8.3
148,en.2.275.14.2009.8.3
148,en.2.281.366.2009.9.9
148,en.15.201.453.2007.8.9
148,en.2.280.27.2009.9.9
148,en.3.348.349.2010.2.10
148,en.2.278.240.2009.8.24
148,en.3.366.425.2010.5.25
148,en.15.184.150.2010.5.30
148,en.2.263.191.2009.5.23
148,en.13.10.482.2009.7.29
148,en.15.96.119.2008.11.17
148,en.15.62.263.2008.4.21
148,en.3.349.58.2010.2.11
148,en.15.167.146.2010.2.27
148,en.3.373.399.2007.6.12
148,en.15.250.185.2008.3.16
148,en.15.250.431.2008.3.15
148,en.2.260.104.2009.4.29
148,en.3.361.476.2010.4.28
148,en.2.263.399.2009.5.24
148,en.2.275.442.2009.8.4
148,en.2.279.318.2009.8.28
148,en.15.172.247.2010.3.26
148,en.15.254.475.2008.3.27
148,en.15.220.427.2007.11.9
148,en.15.181.237.2010.5.19
148,en.3.403.100.2007.11.6
148,en.3.400.86.2007.10.25
148,en.13.1.366.2009.6.2
148,en.3.412.31.2007.12.19
148,en.15.216.77.2007.10.23
148,en.15.151.90.2009.11.6
148,en.2.305.110.2010.3.16
148,en.3.403.135.2007.11.7
148,en.13.8.481.2009.7.13
148,en.13.26.485.2009.11.11
148,en.15.75.144.2008.7.14
148,en.3.360.25.2010.4.22
148,en.2.319.194.2010.6.3
148,en.15.66.289.2008.5.8
148,en.15.65.245.2008.5.7
148,en.3.353.46.2010.3.12
149,en.15.167.10.2010.2.23
149,en.3.359.111.2010.4.19
149,en.2.281.239.2009.9.14
149,en.2.319.112.2010.6.4
149,en.15.113.441.2009.3.8
149,en.15.92.120.2008.10.26
149,en.3.333.406.2009.10.25
149,en.15.125.49.2009.5.21
149,en.15.114.2.2009.3.4
149,en.3.366.93.2010.5.26
149,en.2.291.275.2009.12.1
149,en.15.113.264.2009.3.15
149,en.15.242.237.2008.2.13
149,en.15.106.477.2009.1.22
149,en.3.359.18.1970.1.1
149,en.15.167.362.2010.2.22
149,en.2.282.149.2009.9.17
149,en.3.357.208.2010.4.8
149,en.3.354.479.2010.3.19
149,en.15.79.11.2008.8.8
149,en.3.414.32.2007.12.28
149,en.3.406.347.2007.11.22
149,en.3.361.212.2010.4.30
149,en.15.62.40.2008.4.21
149,en.3.333.369.2009.10.29
149,en.3.405.1.2007.11.13
149,en.3.406.107.2007.11.23
149,en.3.403.248.2007.11.6
149,en.3.406.65.2007.11.21
149,en.3.407.31.2007.11.25
149,en.3.407.274.2007.11.25
149,en.3.406.329.2007.11.21
149,en.3.403.460.2007.11.7
149,en.15.249.319.2008.3.9
149,en.3.406.165.2007.11.23
149,en.15.124.443.2009.5.15
149,en.2.298.333.2010.1.30
149,en.2.298.270.2010.1.28
149,en.15.125.495.2009.5.19
149,en.3.350.336.2010.2.19
149,en.15.167.44.2010.2.23
149,en.3.408.242.2007.11.29
149,en.15.85.305.2008.9.20
149,en.15.97.362.2008.11.22
149,en.3.407.209.2007.11.24
149,en.15.79.34.2008.8.7
149,en.15.79.269.2008.8.7
149,en.15.81.309.2008.8.24
149,en.15.227.387.2007.12.11
149,en.15.215.173.2007.10.22
150,en.15.73.305.2008.6.29
150,en.15.241.356.2008.2.11
150,en.3.372.80.2007.6.8
150,en.15.77.382.2008.7.24
150,en.15.187.446.2007.5.30
150,en.15.73.237.2008.6.25
150,en.15.86.409.2008.9.25
150,en.15.162.63.2010.1.25
150,en.3.332.275.2009.10.16
150,en.15.232.8.2008.1.7
150,en.15.73.26.2008.6.28
150,en.15.232.444.2008.1.7
150,en.15.97.154.2008.11.26
150,en.15.63.312.2008.4.24
150,en.15.87.63.2008.9.29
150,en.3.339.221.2009.12.8
150,en.15.244.228.2008.2.22
150,en.15.218.373.2007.10.31
150,en.3.391.251.2007.9.15
150,en.3.348.132.2010.2.7
150,en.15.242.207.2008.2.13
150,en.15.161.376.2010.1.21
150,en.15.241.498.2008.2.11
150,en.15.98.359.2008.12.1
150,en.15.63.184.2008.4.23
150,en.15.162.294.1970.1.1
150,en.15.225.183.2007.12.4
150,en.15.156.66.2009.12.12
150,en.15.112.108.2009.3.17
150,en.15.91.315.2008.10.22
150,en.15.251.72.2008.3.17
150,en.13.10.488.2009.7.29
150,en.3.403.3.2007.11.6
150,en.3.332.45.2009.10.20
150,en.3.352.387.2010.3.8
150,en.15.187.297.2007.6.2
150,en.2.319.205.2010.6.3
150,en.15.136.225.2009.7.27
150,en.15.210.231.2007.9.27
150,en.3.348.326.2010.2.9
150,en.3.375.107.2007.6.17
150,en.13.3.339.2009.6.10
150,en.15.136.338.2009.7.26
150,en.15.245.118.2008.2.27
150,en.3.332.3.2009.10.16
150,en.13.26.202.2009.11.12
150,en.15.84.362.2008.9.12
150,en.15.73.2.2008.6.27
150,en.15.116.456.2009.2.16
150,en.15.110.100.2009.3.29
151,en.3.397.344.2007.10.10
151,en.15.88.340.2008.10.8
151,en.15.88.422.2008.10.8
151,en.15.89.14.2008.10.10
151,en.15.76.206.2008.7.17
151,en.15.209.273.2007.9.18
151,en.15.147.201.2009.10.6
151,en.15.87.496.2008.9.30
151,en.3.392.268.2007.9.20
151,en.15.209.234.2007.9.25
151,en.15.209.403.2007.9.26
151,en.3.331.165.2009.10.10
151,en.15.147.290.2009.10.7
151,en.3.408.234.2007.11.28
151,en.15.155.279.2009.12.10
151,en.15.132.397.2009.6.29
151,en.2.291.361.2009.11.28
151,en.3.395.422.2007.10.2
151,en.3.397.136.2007.10.12
151,en.15.155.59.2009.12.10
151,en.3.397.444.2007.10.12
151,en.15.86.180.2008.9.27
151,en.15.88.445.2008.10.6
151,en.15.190.332.2007.6.13
151,en.3.357.104.1970.1.1
151,en.2.258.81.2009.4.16
151,en.15.110.173.2009.3.24
151,en.3.331.400.2009.10.9
151,en.15.188.73.2007.6.5
151,en.3.321.276.2009.8.1
151,en.3.333.398.2009.10.28
151,en.3.410.367.2007.12.7
151,en.15.107.436.2009.2.1
151,en.3.331.200.2009.10.9
151,en.15.64.14.2008.4.26
151,en.15.89.64.2008.10.13
151,en.3.381.57.2007.7.22
151,en.15.212.29.2007.10.5
151,en.3.343.474.2010.1.12
151,en.15.255.139.2008.3.30
151,en.15.139.375.2009.8.13
151,en.15.147.161.2009.10.6
151,en.3.397.234.2007.10.12
151,en.15.212.448.2007.10.5
151,en.3.397.278.2007.10.11
151,en.3.397.285.2007.10.11
151,en.15.89.165.2008.10.13
151,en.2.275.361.2009.8.3
151,en.3.397.152.2007.10.12
151,en.15.73.107.2008.6.27
152,en.15.62.78.2008.4.21
152,en.15.105.444.2009.1.20
152,en.15.227.366.2007.12.11
152,en.3.382.18.2007.7.26
152,en.15.62.416.2008.4.19
152,en.3.363.168.2010.5.8
152,en.15.242.155.2008.2.13
152,en.3.417.201.2008.1.8
152,en.15.210.294.2007.9.29
152,en.15.228.333.2007.12.17
152,en.15.66.357.2008.5.8
152,en.15.181.42.2010.5.18
152,en.15.245.263.2008.2.26
152,en.15.75.393.2008.7.9
152,en.15.99.424.2008.12.7
152,en.15.96.7.2008.11.20
152,en.15.99.488.2008.12.6
152,en.15.75.459.2008.7.10
152,en.15.84.18.2008.9.16
152,en.15.132.477.2009.6.28
152,en.2.260.176.2009.4.29
152,en.15.156.103.2009.12.13
152,en.15.80.295.2008.8.20
152,en.15.96.412.2008.11.20
152,en.3.414.447.2007.12.27
152,en.15.85.242.2008.9.18
152,en.2.266.140.2009.6.10
152,en.3.348.138.2010.2.10
152,en.15.204.490.2007.8.25
152,en.2.270.266.2009.7.6
152,en.15.115.33.2009.2.11
152,en.15.227.283.2007.12.12
152,en.15.228.196.2007.12.18
152,en.3.349.209.2010.2.12
152,en.3.343.472.1970.1.1
152,en.15.118.9.2009.4.7
152,en.15.112.151.2009.3.12
152,en.15.194.80.2007.7.2
152,en.15.112.18.2009.3.12
152,en.3.331.414.2009.10.12
152,en.15.236.54.2008.1.20
152,en.15.202.397.2007.8.14
152,en.15.102.285.2008.12.25
152,en.15.78.343.2008.8.5
152,en.3.406.496.2007.11.20
152,en.3.407.206.2007.11.26
152,en.3.417.349.2008.1.8
152,en.15.254.436.2008.3.27
152,en.15.110.19.2009.3.24
152,en.3.408.231.2007.11.30
153,en.3.389.245.2007.9.6
153,en.2.277.26.2009.8.18
153,en.3.405.198.2007.11.14
153,en.2.260.296.2009.4.30
153,en.2.281.385.2009.9.9
153,en.3.381.209.2007.7.25
153,en.13.27.359.2009.11.20
153,en.13.3.73.2009.6.12
153,en.3.326.90.2009.9.2
153,en.15.215.469.2007.10.21
153,en.15.83.52.2008.9.5
153,en.15.72.150.2008.6.19
153,en.15.83.306.2008.9.7
153,en.15.188.424.2007.6.6
153,en.15.188.62.2007.6.7
153,en.15.69.138.2008.6.2
153,en.13.31.266.2010.1.4
153,en.15.97.110.2008.11.25
153,en.3.363.133.2010.5.7
153,en.15.96.369.2008.11.17
153,en.15.93.185.2008.11.3
153,en.15.237.500.2008.1.25
153,en.15.72.295.2008.6.18
153,en.15.104.298.2009.1.9
153,en.2.262.345.2009.5.13
153,en.15.246.130.2008.2.29
153,en.15.203.48.2007.8.20
153,en.13.10.419.2009.7.28
153,en.15.184.350.2010.5.31
153,en.3.385.289.2007.8.18
153,en.3.377.244.2007.6.29
153,en.3.373.484.2007.6.9
153,en.15.221.234.2007.11.12
153,en.3.417.189.2008.1.9
153,en.15.154.443.2009.11.25
153,en.15.105.133.2009.1.20
153,en.2.298.33.2010.1.26
153,en.3.322.287.2009.8.6
153,en.3.396.93.2007.10.9
153,en.3.322.441.2009.8.9
153,en.15.95.54.2008.11.11
153,en.15.155.67.2009.12.8
153,en.3.419.287.2008.1.17
153,en.15.78.388.2008.8.2
153,en.15.83.207.2008.9.7
153,en.3.390.290.2007.9.10
153,en.15.128.113.2009.6.8
153,en.15.184.389.2010.5.30
153,en.3.338.64.2009.12.6
153,en.15.252.361.2008.3.22
154,en.3.379.384.2007.7.10
154,en.15.114.19.2009.3.5
154,en.15.68.434.2008.5.25
154,en.15.108.171.2009.2.3
154,en.2.258.440.2009.4.19
154,en.3.354.208.2010.3.19
154,en.15.67.77.2008.5.18
154,en.15.96.369.2008.11.17
154,en.15.92.14.2008.10.27
154,en.15.67.40.2008.5.18
154,en.15.68.302.2008.5.26
154,en.3.332.389.2009.10.20
154,en.3.417.127.2008.1.10
154,en.2.262.308.2009.5.13
154,en.15.225.462.2007.12.5
154,en.15.155.375.2009.12.8
154,en.3.417.302.2008.1.11
154,en.3.417.77.2008.1.10
154,en.3.331.61.2009.10.13
154,en.3.361.374.2010.4.28
154,en.3.407.135.2007.11.28
154,en.15.94.218.2008.11.7
154,en.15.235.188.2008.1.20
154,en.2.279.348.2009.8.31
154,en.15.201.497.2007.8.13
154,en.15.70.289.2008.6.9
154,en.15.85.106.2008.9.18
154,en.15.84.311.2008.9.12
154,en.3.373.388.2007.6.11
154,en.15.66.332.2008.5.13
154,en.15.76.17.2008.7.22
154,en.15.77.220.2008.7.30
154,en.15.77.336.2008.7.30
154,en.3.400.490.2007.10.24
154,en.2.271.149.2009.7.8
154,en.15.254.362.2008.3.28
154,en.15.86.254.2008.9.27
154,en.3.350.108.2010.2.20
154,en.2.260.269.2009.5.4
154,en.15.218.154.2007.11.1
154,en.15.112.153.2009.3.11
154,en.15.76.259.2008.7.20
154,en.3.417.453.2008.1.11
154,en.15.246.270.2008.2.29
154,en.3.410.163.2007.12.8
154,en.15.97.226.2008.11.24
154,en.13.1.500.2009.5.31
154,en.15.245.157.2008.2.27
154,en.15.186.163.2007.5.28
154,en.15.220.248.2007.11.8
155,en.15.154.454.2009.11.26
155,en.15.100.203.2008.12.12
155,en.15.210.495.2007.9.27
155,en.15.250.213.2008.3.12
155,en.3.348.99.2010.2.9
155,en.15.194.398.2007.7.2
155,en.15.98.52.2008.11.29
155,en.2.289.480.2009.11.15
155,en.15.100.101.2008.12.14
155,en.15.99.439.2008.12.2
155,en.15.98.136.2008.11.30
155,en.15.98.487.2008.11.29
155,en.15.123.497.2009.5.7
155,en.15.99.419.2008.12.2
155,en.3.349.131.2010.2.15
155,en.15.86.108.2008.9.24
155,en.15.98.15.2008.11.30
155,en.15.103.241.2008.12.31
155,en.13.30.324.2009.12.26
155,en.15.60.247.2008.4.11
155,en.15.60.146.2008.4.12
155,en.15.98.490.2008.11.29
155,en.15.98.331.2008.11.27
155,en.15.98.88.2008.11.27
155,en.15.100.374.2008.12.12
155,en.15.123.366.2009.5.8
155,en.15.98.459.2008.11.27
155,en.15.98.342.2008.11.28
155,en.15.98.180.2008.12.1
155,en.3.339.35.2009.12.8
155,en.15.98.445.2008.11.27
155,en.3.388.144.2007.8.30
155,en.3.388.9.2007.8.30
155,en.15.242.354.2008.2.15
155,en.3.397.176.2007.10.10
155,en.15.135.101.2009.7.19
155,en.15.98.215.2008.11.30
155,en.15.98.294.2008.11.28
155,en.2.263.53.2009.5.25
155,en.15.135.287.2009.7.20
155,en.15.98.336.2008.11.29
155,en.3.353.80.2010.3.14
155,en.15.83.92.2008.9.5
155,en.15.123.7.2009.5.10
155,en.3.349.188.2010.2.12
155,en.15.179.105.2010.5.6
155,en.15.99.204.2008.12.3
155,en.13.10.114.2009.7.27
155,en.2.291.295.2009.12.6
155,en.13.51.414.2010.5.3
156,en.3.359.317.2010.4.19
156,en.3.359.232.2010.4.19
156,en.3.360.275.2010.4.26
156,en.3.360.335.2010.4.23
156,en.3.361.69.2010.4.27
156,en.3.360.327.2010.4.26
156,en.3.360.404.2010.4.22
156,en.3.352.48.2010.3.6
156,en.3.361.402.2010.4.27
156,en.15.114.397.2009.3.4
156,en.15.119.25.2009.4.10
156,en.13.41.172.2010.3.5
156,en.15.130.374.2009.6.16
156,en.13.41.93.2010.3.1
156,en.15.139.9.2009.8.12
156,en.3.353.186.2010.3.12
156,en.15.240.472.2008.2.8
156,en.15.75.28.2008.7.14
156,en.15.242.65.2008.2.14
156,en.2.309.334.2010.4.10
156,en.15.242.186.2008.2.15
156,en.3.356.34.2010.3.29
156,en.15.242.306.2008.2.13
156,en.3.398.2.2007.10.18
156,en.15.243.412.2008.2.19
156,en.15.238.311.2008.1.28
156,en.15.220.41.2007.11.7
156,en.13.55.395.2010.5.20
156,en.15.256.233.2008.4.8
156,en.13.55.366.2010.5.21
156,en.15.70.41.2008.6.8
156,en.3.363.465.2010.5.7
156,en.15.81.383.2008.8.26
156,en.2.263.320.2009.5.24
156,en.3.329.379.2009.9.25
156,en.3.363.493.2010.5.10
156,en.13.8.106.2009.7.15
156,en.3.360.272.2010.4.26
156,en.2.291.482.2009.12.4
156,en.2.291.48.2009.12.3
156,en.15.212.484.2007.10.6
156,en.13.26.99.2009.11.11
156,en.15.108.383.2009.2.2
156,en.3.358.145.2010.4.14
156,en.15.251.11.2008.3.19
156,en.15.147.50.2009.10.6
156,en.15.246.475.2008.2.29
156,en.15.251.458.2008.3.18
156,en.3.359.463.2010.4.19
156,en.3.347.214.2010.2.5
157,en.3.388.499.2007.8.29
157,en.13.3.281.2009.6.14
157,en.3.398.236.2007.10.18
157,en.15.209.13.2007.9.19
157,en.3.373.453.2007.6.10
157,en.3.400.63.2007.10.24
157,en.3.384.129.2007.8.8
157,en.15.202.208.2007.8.15
157,en.3.389.275.2007.9.4
157,en.15.63.217.2008.4.25
157,en.15.209.262.2007.9.25
157,en.3.373.371.2007.6.9
157,en.15.75.88.2008.7.14
157,en.3.374.433.2007.6.15
157,en.3.349.104.2010.2.12
157,en.15.117.272.2009.2.24
157,en.3.382.153.2007.7.29
157,en.15.109.247.2009.2.8
157,en.2.311.231.2010.4.26
157,en.3.380.332.2007.7.18
157,en.3.373.274.2007.6.12
157,en.3.360.405.2010.4.26
157,en.15.210.236.2007.9.27
157,en.13.31.349.2010.1.1
157,en.3.376.473.2007.6.28
157,en.15.108.315.2009.2.2
157,en.3.398.321.2007.10.18
157,en.15.228.434.2007.12.18
157,en.15.240.30.2008.2.7
157,en.3.361.320.2010.4.29
157,en.15.167.261.2010.2.24
157,en.15.100.169.2008.12.15
157,en.3.354.497.2010.3.19
157,en.3.382.485.2007.7.31
157,en.3.349.127.2010.2.13
157,en.3.382.316.2007.7.28
157,en.15.212.102.2007.10.5
157,en.3.405.26.2007.11.14
157,en.3.398.73.2007.10.15
157,en.15.123.214.2009.5.7
157,en.15.243.96.2008.2.20
157,en.3.382.453.2007.7.31
157,en.15.101.22.2008.12.17
157,en.15.106.178.2009.1.22
157,en.3.349.203.2010.2.12
157,en.15.88.185.2008.10.5
157,en.15.194.213.2007.7.2
157,en.15.245.114.2008.2.25
157,en.15.100.332.2008.12.11
157,en.3.348.474.2010.2.5
158,en.15.250.62.2008.3.15
158,en.15.210.239.2007.10.1
158,en.3.329.283.1970.1.1
158,en.15.110.389.2009.3.29
158,en.15.240.416.2008.2.8
158,en.15.115.231.2009.2.12
158,en.3.401.322.2007.10.28
158,en.15.106.152.2009.1.23
158,en.13.26.484.2009.11.11
158,en.15.243.97.2008.2.18
158,en.2.279.140.2009.8.28
158,en.15.75.482.2008.7.15
158,en.15.98.427.2008.11.26
158,en.15.243.225.2008.2.18
158,en.15.204.359.2007.8.27
158,en.15.78.150.2008.8.4
158,en.15.103.281.2009.1.1
158,en.2.275.226.2009.8.4
158,en.15.90.289.2008.10.18
158,en.15.72.402.2008.6.20
158,en.15.215.361.2007.10.20
158,en.13.10.415.2009.7.27
158,en.15.75.16.2008.7.9
158,en.15.104.111.2009.1.11
158,en.3.419.118.2008.1.17
158,en.13.27.406.2009.11.20
158,en.13.59.403.2010.6.9
158,en.15.83.328.2008.9.5
158,en.15.107.250.2009.1.29
158,en.3.331.399.2009.10.11
158,en.15.90.418.2008.10.18
158,en.15.79.310.2008.8.10
158,en.3.329.51.2009.9.26
158,en.15.99.197.2008.12.3
158,en.15.110.404.2009.3.27
158,en.3.403.174.2007.11.7
158,en.15.84.183.2008.9.14
158,en.15.243.245.2008.2.17
158,en.15.74.425.2008.7.7
158,en.2.305.46.2010.3.16
158,en.15.121.59.2009.4.27
158,en.15.78.56.2008.7.31
158,en.13.27.99.2009.11.19
158,en.15.212.155.2007.10.8
158,en.15.203.35.2007.8.19
158,en.3.398.366.2007.10.18
158,en.15.100.107.2008.12.14
158,en.3.358.416.2010.4.12
158,en.2.281.121.2009.9.10
158,en.15.253.497.2008.3.24
159,en.15.103.177.2008.12.29
159,en.15.104.283.2009.1.10
159,en.3.363.341.2010.5.7
159,en.15.114.240.2009.3.3
159,en.3.363.250.2010.5.6
159,en.15.64.369.2008.4.26
159,en.15.96.60.2008.11.19
159,en.15.256.83.2008.4.6
159,en.15.93.437.2008.10.31
159,en.15.66.69.2008.5.8
159,en.15.104.434.2009.1.9
159,en.13.27.279.2009.11.20
159,en.15.84.124.2008.9.11
159,en.2.260.397.2009.5.3
159,en.15.125.477.2009.5.17
159,en.15.70.18.2008.6.8
159,en.15.92.107.2008.10.26
159,en.15.241.98.2008.2.11
159,en.15.103.102.2008.12.30
159,en.15.70.125.2008.6.7
159,en.15.101.300.2008.12.19
159,en.15.239.224.2008.2.1
159,en.15.254.125.2008.3.29
159,en.15.113.137.2009.3.7
159,en.3.414.153.2007.12.26
159,en.3.348.320.2010.2.5
159,en.15.229.470.2007.12.22
159,en.15.239.432.2008.2.4
159,en.15.101.196.2008.12.17
159,en.15.239.126.2008.2.4
159,en.15.86.472.2008.9.28
159,en.15.181.67.2010.5.17
159,en.15.66.492.2008.5.9
159,en.15.104.224.2009.1.10
159,en.15.253.472.2008.3.25
159,en.3.391.12.2007.9.14
159,en.2.283.67.2009.9.28
159,en.15.99.364.2008.12.7
159,en.3.417.27.2008.1.8
159,en.15.100.142.2008.12.14
159,en.15.99.366.2008.12.8
159,en.13.27.22.2009.11.20
159,en.15.95.143.2008.11.12
159,en.15.70.82.2008.6.11
159,en.3.352.3.2010.3.8
159,en.15.93.200.2008.11.1
159,en.15.78.443.2008.8.5
159,en.15.68.465.2008.5.26
159,en.15.94.119.2008.11.5
159,en.15.101.487.2008.12.18
160,en.15.250.11.2008.3.14
160,en.2.296.78.1970.1.1
160,en.3.377.288.2007.6.30
160,en.15.100.149.2008.12.14
160,en.15.253.80.2008.3.24
160,en.15.109.461.2009.4.1
160,en.3.397.142.2007.10.12
160,en.15.188.259.2007.6.5
160,en.15.194.441.2007.7.5
160,en.15.108.227.2009.2.6
160,en.3.406.207.2007.11.23
160,en.15.106.182.2009.1.21
160,en.2.268.23.2009.6.21
160,en.13.5.430.2009.6.24
160,en.15.96.232.2008.11.18
160,en.15.246.55.2008.3.2
160,en.3.397.380.2007.10.14
160,en.3.419.267.2008.1.19
160,en.3.354.185.2010.3.17
160,en.15.109.329.2009.2.10
160,en.15.246.193.2008.3.2
160,en.15.244.193.2008.2.22
160,en.15.176.255.2010.4.23
160,en.15.236.259.2008.1.22
160,en.15.254.235.2008.3.27
160,en.15.249.481.2008.3.10
160,en.15.139.490.2009.8.11
160,en.15.93.363.2008.10.31
160,en.15.253.393.2008.3.25
160,en.15.201.332.2007.8.9
160,en.3.339.481.2009.12.8
160,en.3.414.270.2007.12.26
160,en.15.251.243.2008.3.17
160,en.15.219.33.2007.11.4
160,en.15.105.490.2009.1.12
160,en.3.373.213.2007.6.11
160,en.3.381.298.2007.7.25
160,en.3.373.55.2007.6.12
160,en.3.383.470.2007.8.1
160,en.3.361.246.2010.4.30
160,en.15.188.274.2007.6.7
160,en.15.63.286.2008.4.22
160,en.15.251.453.2008.3.18
160,en.15.220.210.2007.11.11
160,en.15.75.442.2008.7.10
160,en.15.204.256.2007.8.26
160,en.15.62.382.2008.4.21
160,en.15.65.285.2008.5.4
160,en.15.238.484.2008.1.29
160,en.15.246.341.2008.3.2
161,en.15.194.246.2007.7.4
161,en.15.132.497.2009.6.26
161,en.15.220.389.2007.11.7
161,en.15.249.246.2008.3.12
161,en.3.412.499.2007.12.19
161,en.15.105.357.2009.1.13
161,en.15.105.70.2009.1.14
161,en.3.406.38.2007.11.19
161,en.15.194.281.2007.7.6
161,en.15.220.206.2007.11.9
161,en.15.236.374.2008.1.24
161,en.3.377.311.2007.6.29
161,en.15.238.489.2008.1.29
161,en.15.89.97.2008.10.11
161,en.3.376.311.2007.6.24
161,en.3.408.101.2007.11.30
161,en.3.383.58.2007.8.4
161,en.3.377.307.2007.6.29
161,en.15.187.30.2007.6.1
161,en.3.375.205.2007.6.17
161,en.15.206.300.2007.8.31
161,en.3.403.384.2007.11.6
161,en.15.234.434.2008.1.15
161,en.15.73.293.2008.6.29
161,en.15.111.380.2009.3.19
161,en.15.187.64.2007.6.1
161,en.15.232.381.2008.1.5
161,en.15.188.211.2007.6.6
161,en.3.407.129.2007.11.28
161,en.3.381.272.2007.7.20
161,en.3.392.358.2007.9.21
161,en.15.116.66.2009.2.19
161,en.3.394.389.2007.10.1
161,en.15.248.210.2008.3.8
161,en.3.377.258.2007.6.29
161,en.3.405.59.2007.11.13
161,en.15.94.174.2008.11.5
161,en.15.94.296.2008.11.5
161,en.15.201.488.2007.8.8
161,en.15.253.200.2008.3.25
161,en.3.405.91.2007.11.13
161,en.15.225.159.2007.12.5
161,en.15.167.379.2010.2.24
161,en.3.332.27.2009.10.20
161,en.15.190.468.2007.6.14
161,en.15.80.380.2008.8.14
161,en.15.132.328.2009.6.27
161,en.15.228.120.2007.12.18
161,en.3.380.106.2007.7.20
161,en.15.67.356.2008.5.16
162,en.15.240.448.2008.2.7
162,en.15.136.348.2009.7.27
162,en.15.68.215.2008.5.26
162,en.15.70.218.2008.6.12
162,en.15.248.461.2008.3.8
162,en.15.250.153.2008.3.15
162,en.15.250.365.2008.3.15
162,en.15.240.116.2008.2.6
162,en.15.115.426.2009.2.11
162,en.15.252.199.2008.3.22
162,en.15.240.340.2008.2.6
162,en.2.319.185.2010.6.3
162,en.3.360.107.2010.4.25
162,en.15.64.24.2008.4.29
162,en.15.240.194.2008.2.7
162,en.15.184.383.2010.5.31
162,en.15.194.145.2007.7.4
162,en.15.240.173.2008.2.6
162,en.15.250.300.2008.3.16
162,en.15.240.134.2008.2.6
162,en.13.55.209.2010.5.22
162,en.3.356.366.2010.4.1
162,en.15.240.449.2008.2.6
162,en.3.381.220.2007.7.25
162,en.15.147.470.2009.10.7
162,en.3.359.166.2010.4.17
162,en.15.140.100.2009.8.21
162,en.15.83.104.2008.9.5
162,en.3.382.273.2007.7.26
162,en.3.398.142.2007.10.16
162,en.15.96.487.2008.11.20
162,en.15.66.443.2008.5.11
162,en.15.178.475.2010.5.4
162,en.15.203.223.2007.8.22
162,en.15.85.312.2008.9.18
162,en.15.66.93.2008.5.12
162,en.15.250.284.2008.3.15
162,en.3.360.466.2010.4.22
162,en.15.119.66.2009.4.11
162,en.15.203.129.2007.8.19
162,en.15.135.21.2009.7.19
162,en.15.252.436.2008.3.23
162,en.15.227.274.2007.12.11
162,en.15.201.220.2007.8.8
162,en.3.388.292.2007.8.29
162,en.2.275.480.2009.8.4
162,en.15.63.204.2008.4.25
162,en.15.204.60.2007.8.24
162,en.15.74.208.2008.7.6
162,en.15.74.284.2008.7.6
163,en.15.247.267.2008.3.5
163,en.15.218.433.2007.11.2
163,en.15.125.362.2009.5.19
163,en.3.377.291.2007.6.29
163,en.15.118.453.2009.4.8
163,en.15.196.211.2007.7.12
163,en.3.379.479.2007.7.10
163,en.15.194.487.2007.7.5
163,en.15.249.384.2008.3.10
163,en.15.89.6.2008.10.9
163,en.15.90.126.2008.10.16
163,en.15.252.237.2008.3.22
163,en.3.349.466.2010.2.11
163,en.3.408.60.2007.11.28
163,en.15.238.200.2008.1.30
163,en.3.408.100.2007.11.29
163,en.3.356.463.2010.3.31
163,en.15.167.272.2010.2.27
163,en.15.231.446.2007.12.31
163,en.15.156.251.2009.12.13
163,en.2.298.5.2010.1.26
163,en.3.338.371.2009.12.5
163,en.3.338.181.2009.12.5
163,en.15.106.253.2009.1.26
163,en.2.298.77.2010.1.26
163,en.15.121.11.2009.4.26
163,en.15.252.77.2008.3.21
163,en.15.118.129.2009.4.4
163,en.15.253.109.2008.3.26
163,en.15.125.33.2009.5.17
163,en.15.78.205.2008.8.1
163,en.3.360.18.2010.4.22
163,en.15.64.279.2008.4.29
163,en.2.277.465.2009.8.15
163,en.15.239.364.2008.2.1
163,en.15.105.44.2009.1.21
163,en.3.357.17.2010.4.8
163,en.15.239.301.2008.2.4
163,en.15.156.36.2009.12.12
163,en.15.132.113.2009.7.1
163,en.15.78.1.2008.8.2
163,en.15.63.495.2008.4.26
163,en.15.218.235.2007.11.3
163,en.15.232.30.2008.1.6
163,en.2.298.350.2010.1.26
163,en.15.237.4.2008.1.26
163,en.3.357.299.2010.4.8
163,en.15.167.399.2010.2.26
163,en.15.252.426.2008.3.22
163,en.15.218.152.2007.11.3
164,en.15.132.479.2009.6.26
164,en.15.132.5.2009.6.26
164,en.15.132.317.2009.6.26
164,en.3.327.392.2009.9.12
164,en.2.271.392.2009.7.8
164,en.15.132.246.2009.6.26
164,en.15.136.153.2009.7.20
164,en.13.8.68.2009.7.11
164,en.15.132.375.2009.6.26
164,en.15.132.195.2009.6.26
164,en.2.270.162.2009.7.2
164,en.15.132.332.2009.6.26
164,en.2.270.11.2009.7.3
164,en.2.275.340.2009.8.4
164,en.2.275.213.2009.8.4
164,en.15.132.54.2009.6.30
164,en.2.271.406.2009.7.7
164,en.3.333.197.2009.10.27
164,en.15.132.63.2009.6.26
164,en.2.270.112.2009.7.5
164,en.3.333.336.2009.10.23
164,en.2.270.133.2009.7.3
164,en.15.113.262.2009.3.14
164,en.2.271.202.2009.7.8
164,en.15.132.391.2009.6.28
164,en.13.30.297.2009.12.23
164,en.15.132.489.2009.6.26
164,en.15.132.202.2009.6.26
164,en.15.132.102.2009.6.28
164,en.15.132.153.2009.6.28
164,en.15.132.364.2009.6.28
164,en.15.102.78.2008.12.23
164,en.15.132.155.2009.7.1
164,en.3.333.421.2009.10.29
164,en.13.8.358.2009.7.14
164,en.13.8.79.2009.7.14
164,en.2.278.114.2009.8.25
164,en.15.136.376.2009.7.25
164,en.2.271.457.2009.7.8
164,en.3.327.31.2009.9.11
164,en.15.132.44.2009.6.26
164,en.15.113.158.2009.3.6
164,en.15.132.418.2009.6.27
164,en.2.262.77.2009.5.13
164,en.13.55.2.2010.5.24
164,en.15.245.109.2008.2.27
164,en.15.220.5.2007.11.10
164,en.15.119.146.2009.4.15
164,en.2.271.447.2009.7.7
164,en.13.8.466.2009.7.11
165,en.15.72.330.2008.6.20
165,en.15.172.295.2010.3.28
165,en.15.237.155.2008.1.25
165,en.3.331.95.2009.10.13
165,en.3.349.58.2010.2.11
165,en.3.363.157.2010.5.6
165,en.3.363.416.2010.5.11
165,en.2.268.369.2009.6.17
165,en.2.266.396.2009.6.9
165,en.2.266.275.2009.6.8
165,en.3.389.265.2007.9.1
165,en.15.241.337.2008.2.10
165,en.3.383.146.2007.8.1
165,en.15.249.344.2008.3.11
165,en.3.388.274.2007.8.30
165,en.15.69.93.2008.6.3
165,en.15.241.194.2008.2.11
165,en.3.366.131.2010.5.24
165,en.3.407.111.2007.11.28
165,en.15.248.45.2008.3.7
165,en.15.243.114.2008.2.20
165,en.15.215.160.2007.10.20
165,en.15.108.40.2009.2.3
165,en.15.77.452.2008.7.24
165,en.15.240.277.2008.2.7
165,en.15.61.231.2008.4.15
165,en.3.417.263.2008.1.9
165,en.3.398.225.2007.10.17
165,en.13.59.174.2010.6.9
165,en.15.96.247.2008.11.16
165,en.15.251.371.2008.3.16
165,en.3.400.217.2007.10.27
165,en.15.72.103.2008.6.23
165,en.15.118.43.2009.4.6
165,en.3.353.77.2010.3.12
165,en.2.264.383.2009.5.26
165,en.15.184.155.2010.6.1
165,en.15.241.58.2008.2.9
165,en.3.403.414.2007.11.5
165,en.15.123.283.2009.5.6
165,en.15.215.457.2007.10.20
165,en.15.116.24.2009.2.17
165,en.2.264.317.2009.5.28
165,en.15.84.101.2008.9.15
165,en.3.333.185.2009.10.29
165,en.3.361.273.2010.4.30
165,en.13.41.227.2010.3.3
165,en.15.221.80.2007.11.12
165,en.15.119.6.2009.4.15
165,en.15.245.99.2008.2.26
166,en.3.380.14.2007.7.18
166,en.2.275.398.2009.8.2
166,en.15.60.20.2008.4.10
166,en.15.130.188.2009.6.16
166,en.15.128.82.2009.6.4
166,en.15.108.6.2009.2.2
166,en.15.136.182.2009.7.22
166,en.3.391.104.2007.9.13
166,en.15.77.18.2008.7.25
166,en.2.319.485.2010.6.5
166,en.15.201.146.2007.8.8
166,en.15.204.11.2007.8.23
166,en.15.192.394.2007.6.23
166,en.15.119.418.2009.4.11
166,en.15.88.183.2008.10.7
166,en.15.125.150.2009.5.20
166,en.15.60.71.2008.4.10
166,en.3.353.239.2010.3.13
166,en.15.235.272.2008.1.20
166,en.3.358.352.2010.4.15
166,en.15.63.468.2008.4.23
166,en.15.212.317.2007.10.5
166,en.2.319.176.2010.6.6
166,en.15.243.311.2008.2.19
166,en.3.380.3.2007.7.18
166,en.15.242.241.2008.2.15
166,en.3.383.52.2007.8.5
166,en.3.361.359.2010.4.28
166,en.15.130.237.2009.6.15
166,en.15.215.444.2007.10.22
166,en.15.64.201.2008.4.28
166,en.13.26.371.2009.11.12
166,en.15.75.494.2008.7.8
166,en.15.130.229.2009.6.15
166,en.15.256.322.2008.4.7
166,en.13.27.446.2009.11.22
166,en.3.381.215.2007.7.25
166,en.13.3.490.2009.6.10
166,en.15.202.211.2007.8.15
166,en.15.114.13.2009.3.5
166,en.15.96.8.2008.11.18
166,en.15.125.279.2009.5.20
166,en.15.167.10.2010.2.23
166,en.3.347.430.2010.2.4
166,en.15.215.267.2007.10.22
166,en.3.400.130.2007.10.26
166,en.3.389.329.2007.9.1
166,en.3.392.238.2007.9.22
166,en.3.395.179.2007.10.2
166,en.15.240.260.2008.2.5
167,en.15.252.44.2008.3.19
167,en.15.204.340.2007.8.24
167,en.15.188.413.2007.6.4
167,en.15.140.356.2009.8.21
167,en.15.243.346.2008.2.18
167,en.15.90.130.2008.10.17
167,en.15.89.193.2008.10.12
167,en.15.212.100.2007.10.8
167,en.3.356.105.2010.4.1
167,en.2.270.291.2009.7.4
167,en.3.356.318.2010.4.1
167,en.3.358.335.2010.4.12
167,en.15.101.38.2008.12.21
167,en.15.234.467.2008.1.14
167,en.15.110.134.2009.3.30
167,en.15.209.454.2007.9.25
167,en.3.356.407.2010.4.1
167,en.2.289.471.2009.11.14
167,en.2.278.256.2009.8.25
167,en.3.356.31.2010.4.2
167,en.3.357.237.2010.4.5
167,en.2.281.240.2009.9.16
167,en.13.8.6.2009.7.15
167,en.15.227.380.2007.12.11
167,en.15.212.135.2007.10.5
167,en.3.398.151.2007.10.15
167,en.15.66.461.2008.5.10
167,en.15.239.320.2008.2.4
167,en.2.277.252.2009.8.18
167,en.2.277.418.2009.8.18
167,en.3.417.8.2008.1.9
167,en.15.96.180.2008.11.19
167,en.15.246.28.2008.2.28
167,en.3.349.408.2010.2.15
167,en.3.400.241.2007.10.27
167,en.15.244.365.2008.2.24
167,en.15.252.256.2008.3.22
167,en.2.317.297.2010.5.28
167,en.3.375.263.2007.6.19
167,en.3.391.300.2007.9.15
167,en.15.79.231.2008.8.7
167,en.15.242.468.2008.2.14
167,en.15.103.150.2009.1.1
167,en.15.196.395.2007.7.13
167,en.15.252.170.2008.3.21
167,en.15.140.455.2009.8.21
167,en.3.356.372.2010.3.31
167,en.15.140.474.2009.8.23
167,en.15.65.424.2008.5.5
167,en.15.62.429.2008.4.20
168,en.15.167.213.2010.2.26
168,en.2.264.97.2009.5.29
168,en.2.264.483.2009.5.27
168,en.13.30.94.2009.12.21
168,en.2.264.180.2009.5.27
168,en.15.84.8.2008.9.12
168,en.15.84.400.2008.9.12
168,en.2.289.79.1970.1.1
168,en.15.238.113.2008.1.30
168,en.13.1.9.2009.5.31
168,en.15.68.358.2008.5.27
168,en.2.289.436.1970.1.1
168,en.3.331.28.2009.10.9
168,en.3.363.48.2010.5.11
168,en.15.130.362.2009.6.16
168,en.3.400.28.2007.10.24
168,en.15.156.77.2009.12.16
168,en.15.220.203.2007.11.9
168,en.15.128.494.2009.6.5
168,en.15.139.439.2009.8.11
168,en.15.139.446.2009.8.11
168,en.13.10.304.2009.7.28
168,en.15.238.174.2008.1.30
168,en.15.82.87.2008.9.2
168,en.15.64.324.2008.4.30
168,en.15.147.362.2009.10.7
168,en.15.125.439.2009.5.20
168,en.3.401.338.2007.10.30
168,en.15.136.93.2009.7.24
168,en.15.124.328.2009.5.15
168,en.15.128.453.2009.6.3
168,en.2.277.368.2009.8.16
168,en.15.249.119.2008.3.10
168,en.15.147.417.2009.10.2
168,en.2.264.196.2009.5.27
168,en.2.268.387.2009.6.18
168,en.15.155.183.2009.12.9
168,en.3.400.82.2007.10.24
168,en.13.3.388.2009.6.12
168,en.15.128.68.2009.6.5
168,en.2.266.439.2009.6.9
168,en.15.125.441.2009.5.18
168,en.2.277.300.2009.8.18
168,en.13.10.152.2009.7.28
168,en.15.124.469.2009.5.15
168,en.15.70.145.2008.6.10
168,en.15.136.174.2009.7.24
168,en.15.125.384.2009.5.17
168,en.13.1.360.2009.5.30
168,en.2.277.405.2009.8.16
169,en.15.95.229.2008.11.13
169,en.15.161.425.2010.1.20
169,en.3.357.280.2010.4.5
169,en.15.228.44.2007.12.17
169,en.15.105.69.2009.1.13
169,en.15.227.299.2007.12.12
169,en.2.296.82.2010.1.20
169,en.15.110.140.2009.3.29
169,en.3.383.54.2007.8.5
169,en.15.215.347.2007.10.21
169,en.15.113.401.2009.3.7
169,en.2.271.191.2009.7.8
169,en.2.264.70.2009.5.28
169,en.15.98.148.2008.11.27
169,en.15.234.69.2008.1.15
169,en.15.229.335.2007.12.23
169,en.15.135.463.2009.7.20
169,en.3.333.18.2009.10.25
169,en.15.135.287.2009.7.20
169,en.3.398.23.2007.10.19
169,en.2.298.407.2010.1.27
169,en.2.275.56.2009.8.2
169,en.2.283.443.2009.9.29
169,en.3.333.395.2009.10.29
169,en.15.107.464.2009.1.30
169,en.15.231.338.2008.1.1
169,en.13.59.42.2010.6.9
169,en.15.99.187.2008.12.5
169,en.15.98.375.2008.11.27
169,en.15.156.482.2009.12.18
169,en.15.242.57.2008.2.13
169,en.15.104.22.2009.1.8
169,en.13.59.246.2010.6.9
169,en.15.241.224.2008.2.11
169,en.15.203.13.2007.8.21
169,en.15.240.289.2008.2.8
169,en.2.262.220.2009.5.12
169,en.3.332.190.2009.10.22
169,en.2.298.50.2010.1.26
169,en.2.263.22.2009.5.24
169,en.3.348.178.2010.2.6
169,en.3.333.147.1970.1.1
169,en.15.102.19.2008.12.28
169,en.2.280.74.2009.9.8
169,en.15.156.148.2009.12.18
169,en.13.53.86.2010.5.13
169,en.15.85.386.2008.9.18
169,en.3.390.447.2007.9.9
169,en.3.376.42.2007.6.25
169,en.15.97.54.2008.11.25
170,en.3.322.495.2009.8.7
170,en.15.101.124.2008.12.16
170,en.15.231.107.2007.12.30
170,en.3.406.177.2007.11.18
170,en.15.116.276.2009.2.19
170,en.15.192.476.2007.6.20
170,en.15.203.427.2007.8.18
170,en.15.194.435.2007.7.5
170,en.15.68.332.2008.5.22
170,en.15.232.10.2008.1.3
170,en.15.194.359.2007.7.4
170,en.15.61.31.2008.4.16
170,en.15.220.180.2007.11.11
170,en.3.376.224.2007.6.25
170,en.3.417.391.2008.1.10
170,en.15.117.114.2009.2.24
170,en.15.112.66.2009.3.11
170,en.15.117.287.2009.2.23
170,en.15.112.3.2009.3.9
170,en.15.62.291.2008.4.18
170,en.15.232.195.2008.1.4
170,en.15.116.465.2009.2.18
170,en.3.395.26.2007.10.2
170,en.3.405.121.2007.11.13
170,en.15.238.7.2008.1.29
170,en.3.376.33.2007.6.24
170,en.15.251.52.2008.3.17
170,en.2.271.122.2009.7.6
170,en.15.116.306.2009.2.18
170,en.3.392.102.2007.9.19
170,en.15.209.222.2007.9.18
170,en.15.248.70.2008.3.6
170,en.3.417.467.2008.1.12
170,en.15.123.274.2009.5.6
170,en.15.132.106.2009.7.1
170,en.3.414.12.2007.12.29
170,en.15.64.266.2008.4.26
170,en.3.377.335.2007.6.28
170,en.15.61.168.2008.4.15
170,en.15.71.204.2008.6.15
170,en.15.232.437.2008.1.5
170,en.3.405.133.2007.11.15
170,en.3.417.324.2008.1.8
170,en.15.232.339.2008.1.6
170,en.15.220.294.2007.11.7
170,en.15.117.39.2009.2.22
170,en.3.376.169.2007.6.23
170,en.15.210.319.2007.9.30
170,en.15.66.128.2008.5.9
170,en.3.403.42.2007.11.6
171,en.15.75.229.2008.7.10
171,en.3.379.198.2007.7.11
171,en.15.162.110.2010.1.24
171,en.13.8.381.2009.7.13
171,en.13.8.20.2009.7.13
171,en.15.79.414.2008.8.13
171,en.15.89.215.2008.10.13
171,en.3.331.6.2009.10.13
171,en.3.414.439.2007.12.29
171,en.2.260.389.2009.5.1
171,en.15.187.46.2007.5.30
171,en.15.94.192.2008.11.8
171,en.15.250.201.2008.3.14
171,en.3.379.230.2007.7.10
171,en.15.116.358.2009.2.18
171,en.15.194.127.2007.7.4
171,en.15.103.302.2008.12.31
171,en.3.379.217.2007.7.12
171,en.15.125.131.2009.5.20
171,en.2.260.316.2009.5.4
171,en.3.357.316.2010.4.5
171,en.15.109.343.2009.2.8
171,en.15.117.105.2009.4.1
171,en.13.31.456.2010.1.3
171,en.13.8.367.2009.7.12
171,en.3.349.343.2010.2.14
171,en.15.201.150.2007.8.13
171,en.3.339.311.2009.12.7
171,en.15.243.78.2008.2.17
171,en.15.209.191.2007.9.25
171,en.15.151.363.2009.11.4
171,en.15.212.398.2007.10.7
171,en.15.238.442.2008.1.30
171,en.3.380.154.2007.7.16
171,en.15.135.27.2009.7.20
171,en.15.98.52.2008.11.29
171,en.3.388.478.2007.8.30
171,en.15.256.267.2008.4.7
171,en.15.252.411.2008.3.20
171,en.3.383.38.2007.8.2
171,en.15.125.424.2009.5.21
171,en.3.414.225.2007.12.27
171,en.2.262.468.2009.5.12
171,en.3.380.442.2007.7.15
171,en.3.333.229.2009.10.26
171,en.15.132.19.2009.6.25
171,en.15.240.38.2008.2.6
171,en.2.319.356.2010.6.3
171,en.15.178.53.2010.5.4
171,en.15.218.432.2007.10.31
172,en.15.196.21.2007.7.13
172,en.3.388.431.2007.8.31
172,en.15.194.368.2007.7.5
172,en.2.279.91.2009.8.28
172,en.15.203.408.2007.8.22
172,en.3.381.130.2007.7.23
172,en.2.289.265.2009.11.17
172,en.3.354.305.2010.3.20
172,en.15.140.39.2009.8.23
172,en.13.10.440.2009.7.28
172,en.3.361.253.2010.4.28
172,en.13.31.165.2009.12.27
172,en.3.350.499.2010.2.18
172,en.3.391.45.2007.9.14
172,en.2.283.25.2009.9.30
172,en.15.98.124.2008.11.27
172,en.15.105.218.2009.1.14
172,en.3.356.470.2010.3.31
172,en.15.190.419.2007.6.13
172,en.15.254.88.2008.3.27
172,en.13.51.409.2010.5.2
172,en.2.305.55.2010.3.16
172,en.15.108.263.2009.2.2
172,en.15.244.389.2008.2.20
172,en.2.270.352.2009.7.1
172,en.3.410.145.2007.12.6
172,en.13.30.168.2009.12.24
172,en.3.332.105.2009.10.15
172,en.15.68.402.2008.5.24
172,en.15.114.457.2009.3.3
172,en.3.350.138.2010.2.18
172,en.3.391.321.2007.9.13
172,en.15.86.284.2008.9.25
172,en.3.327.7.2009.9.12
172,en.15.98.105.2008.11.27
172,en.15.119.61.2009.4.15
172,en.15.136.20.2009.7.24
172,en.2.270.309.2009.7.2
172,en.3.388.485.2007.8.31
172,en.15.241.143.2008.2.12
172,en.3.403.302.2007.11.7
172,en.15.253.466.2008.3.26
172,en.2.282.363.1970.1.1
172,en.15.136.328.2009.7.20
172,en.3.406.277.2007.11.18
172,en.15.68.52.2008.5.25
172,en.3.343.390.2010.1.12
172,en.3.349.373.2010.2.12
172,en.15.84.15.2008.9.12
172,en.15.90.126.2008.10.16
173,en.15.75.348.2008.7.10
173,en.3.414.233.2007.12.27
173,en.15.252.424.2008.3.23
173,en.3.400.130.2007.10.26
173,en.3.407.325.2007.11.27
173,en.15.238.140.2008.1.29
173,en.15.63.55.2008.4.25
173,en.15.80.47.2008.8.14
173,en.15.81.455.2008.8.25
173,en.15.63.191.2008.4.25
173,en.3.390.295.2007.9.6
173,en.3.410.33.2007.12.8
173,en.15.80.367.2008.8.15
173,en.15.250.26.2008.3.13
173,en.15.81.272.2008.8.23
173,en.15.74.418.2008.7.5
173,en.15.65.266.2008.5.2
173,en.15.254.265.2008.3.29
173,en.15.80.183.2008.8.20
173,en.15.78.19.2008.8.6
173,en.3.366.283.2010.5.26
173,en.15.78.159.2008.8.6
173,en.15.238.81.2008.1.30
173,en.15.250.160.2008.3.12
173,en.15.78.382.2008.8.6
173,en.15.118.350.2009.4.4
173,en.15.60.15.2008.4.10
173,en.15.147.218.1970.1.1
173,en.3.373.135.2007.6.11
173,en.15.80.202.2008.8.18
173,en.15.79.269.2008.8.7
173,en.3.361.75.2010.4.29
173,en.15.218.174.2007.11.3
173,en.3.393.302.2007.9.24
173,en.15.81.436.2008.8.25
173,en.15.81.108.2008.8.25
173,en.3.388.451.2007.8.30
173,en.3.397.56.2007.10.14
173,en.15.228.480.2007.12.18
173,en.3.400.398.2007.10.25
173,en.15.243.226.2008.2.17
173,en.15.80.235.2008.8.20
173,en.15.229.103.2007.12.21
173,en.15.72.103.2008.6.23
173,en.3.406.13.2007.11.20
173,en.15.81.497.2008.8.24
173,en.15.66.185.2008.5.12
173,en.3.357.123.2010.4.6
173,en.15.227.118.2007.12.10
173,en.15.79.330.2008.8.11
174,en.15.109.60.2009.4.1
174,en.2.268.498.2009.6.18
174,en.15.114.207.2009.3.4
174,en.15.60.38.2008.4.11
174,en.15.82.371.2008.9.1
174,en.15.244.36.2008.2.22
174,en.15.93.499.2008.10.31
174,en.15.79.426.2008.8.11
174,en.3.329.115.2009.9.26
174,en.15.110.254.2009.3.24
174,en.15.94.411.2008.11.6
174,en.15.156.266.2009.12.17
174,en.15.130.347.2009.6.16
174,en.15.77.106.2008.7.30
174,en.2.291.229.2009.12.3
174,en.2.278.67.2009.8.27
174,en.15.109.420.2009.3.31
174,en.15.113.375.2009.3.7
174,en.2.260.206.2009.5.3
174,en.15.65.134.2008.5.4
174,en.15.101.35.2008.12.18
174,en.2.296.90.2010.1.18
174,en.3.350.491.2010.2.19
174,en.15.156.376.2009.12.15
174,en.2.296.57.2010.1.18
174,en.15.119.21.2009.4.13
174,en.15.100.40.2008.12.10
174,en.15.115.88.2009.2.12
174,en.13.3.428.2009.6.13
174,en.15.128.197.2009.6.7
174,en.15.91.317.2008.10.23
174,en.3.376.256.2007.6.26
174,en.3.326.370.2009.9.5
174,en.15.248.268.2008.3.6
174,en.15.115.305.2009.2.13
174,en.15.115.49.2009.2.13
174,en.15.93.233.2008.10.31
174,en.2.275.491.2009.8.4
174,en.13.10.333.2009.7.28
174,en.3.333.397.2009.10.29
174,en.3.376.481.2007.6.25
174,en.15.154.314.2009.11.25
174,en.15.99.145.2008.12.4
174,en.13.8.438.2009.7.16
174,en.15.94.182.2008.11.7
174,en.15.108.394.2009.2.7
174,en.15.240.90.2008.2.8
174,en.15.125.198.2009.5.20
174,en.3.408.478.2007.11.29
174,en.15.202.141.2007.8.15
175,en.15.167.438.2010.2.25
175,en.15.167.96.2010.2.24
175,en.2.289.84.2009.11.16
175,en.3.397.461.2007.10.10
175,en.13.26.321.1970.1.1
175,en.3.363.277.2010.5.9
175,en.2.289.75.2009.11.14
175,en.2.296.349.2010.1.18
175,en.15.156.69.2009.12.17
175,en.2.260.466.2009.4.30
175,en.3.348.72.2010.2.10
175,en.2.289.491.2009.11.14
175,en.15.246.441.2008.3.1
175,en.13.8.384.2009.7.13
175,en.2.275.304.2009.8.2
175,en.3.348.414.2010.2.8
175,en.15.115.480.2009.2.28
175,en.13.8.333.2009.7.15
175,en.3.348.498.2010.2.6
175,en.15.101.177.2008.12.21
175,en.15.167.130.2010.2.24
175,en.15.136.75.2009.7.25
175,en.15.135.40.2009.7.20
175,en.15.89.185.2008.10.14
175,en.15.151.4.2009.11.1
175,en.3.348.52.2010.2.10
175,en.2.296.87.2010.1.20
175,en.15.162.397.2010.1.24
175,en.15.248.219.2008.3.5
175,en.13.8.285.2009.7.16
175,en.15.103.75.2008.12.29
175,en.3.353.191.2010.3.14
175,en.2.298.301.2010.1.26
175,en.2.281.370.2009.9.9
175,en.2.298.264.2010.1.27
175,en.15.136.49.2009.7.21
175,en.3.354.116.2010.3.19
175,en.15.162.199.2010.1.24
175,en.15.86.348.2008.9.27
175,en.15.196.421.2007.7.13
175,en.2.289.190.2009.11.16
175,en.3.320.254.2009.7.31
175,en.15.105.296.2009.1.13
175,en.15.162.270.2010.1.24
175,en.3.376.108.2007.6.27
175,en.13.26.87.2009.11.12
175,en.15.196.22.2007.7.13
175,en.15.242.288.2008.2.14
175,en.2.289.449.2009.11.16
175,en.13.31.275.2010.1.1
